timestamp,dataset,model,model_type,protocol,n,accuracy_mean,accuracy_std,balanced_accuracy_mean,balanced_accuracy_std,f1_mean,f1_std,auc_mean,auc_std,train_accuracy_mean,train_accuracy_std,val_accuracy_mean,val_accuracy_std,cog_paradigm,target_fs,cache,output_dir,epochs,batch_size,lr,weight_decay,seed,target_adapt,augment,artifact_z,eegnet_temporal_filters,eegnet_spatial_filters,eegnet_dropout,eegnet_avgpool_factor,val_size,single_val_size,test_size,bfgcn_kadj,bfgcn_num_out,bfgcn_att_hidden,bfgcn_classifier_hidden,bfgcn_avgpool,bfgcn_dropout,bfgcn_domain_weight,patience,conformer_emb_size,conformer_depth,conformer_num_heads,conformer_dropout,conformer_classifier_hidden,mdtn_hidden_dim,mdtn_k_length,mdtn_graph_k,mdtn_num_heads,mdtn_dropout,mdtn_lambda_match,mdtn_alpha,mdtn_beta,mdtn_l1_weight,mdtn_max_iter,single_folds,svm_kernel,svm_c,svm_gamma,svm_class_weight,tahag_dropout,tahag_domain_weight,tahag_mmd_weight,tahag_adaptive,tahag_attention,svm_estimator,svm_probability,svm_max_iter,lsccn_latent_dim,lsccn_routing_iters,lsccn_recon_weight,lsccn_kl_weight,recurrent_hidden,recurrent_layers,recurrent_dropout,transformer_d_model,transformer_heads,transformer_layers,transformer_ff,transformer_dropout,shallow_filters,shallow_kernel,shallow_pool,shallow_dropout,mdtn_num_nodes,mdtn_kernel_length,mdtn_cheby_order,mdtn_marginal_weight,mdtn_conditional_weight,mstgc_temporal_hidden,mstgc_graph_hidden,mstgc_fusion_dim,mstgc_kernel_length,mstgc_num_heads,mstgc_cheby_order,mstgc_dropout,mstgc_num_nodes,min_split_windows,min_class_windows,allow_incomplete_splits,target_adapt_requested,val_stat_refit,mstgc_architecture,mstgc_graph_k,mstgc_time_points,mstgc_kernel_samples,mstgc_graph_mode,mstgc_shrinkage,mstgc_representation,refit_batch_size,target_refit_scope,mstgc_temporal_mode,mstgc_temporal_kernels,model_parameters,mstgc_graph_density,mstgc_graph_actual_density_mean,temporal_filters,spatial_filters,subspacedims,temp_kernel
2026-07-05 01:48:54,stew,tsmnet_spddsbn,tsmnet,single_session,48,0.975,0.0515710623129396,0.975,0.0515710623129396,0.9745574809574375,0.0537001950748678,0.9931018518518518,0.0205786507957988,0.9907738095238096,0.0158211115234184,0.9743055555555556,0.0496986585209947,,128.0,outputs/cache/stew_single_session_all_s1_128hz_1s.npz,outputs/stew_single_session_spddsbn,30,64,0.001,0.0001,42,True,True,,,,,,0.2,0.125,0.2,,,,,,,,,,,,,,,,,,,,,,,,,,,,,,,,,,,,,,,,,,,,,,,,,,,,,,,,,,,,,,,,,,,,,,,,,,,,,,,,,,,,,,,,
2026-07-05 01:50:36,stew,eegconformer,eegconformer,single_session,48,0.8559027777777778,0.1137419408899605,0.8559027777777778,0.1137419408899605,0.8531760984003602,0.1191768684532012,0.916851851851852,0.1018183339074638,0.9274801587301588,0.0877680310363418,0.8847222222222223,0.128633173411109,,128.0,outputs/cache/stew_single_session_all_s1_128hz_1s.npz,outputs/stew_single_session_eegconformer,30,64,0.001,0.0001,42,False,True,,,,,,0.2,0.125,0.2,,,,,,,,,,,,,,,,,,,,,,,,,,,,,,,,,,,,,,,,,,,,,,,,,,,,,,,,,,,,,,,,,,,,,,,,,,,,,,,,,,,,,,,,
2026-07-05 01:51:29,stew,eegnet,eegnet,single_session,48,0.6961805555555555,0.1834216287487083,0.6961805555555557,0.1834216287487083,0.6797691410967573,0.2024138473834612,0.7265046296296296,0.2058010787964859,0.7427579365079365,0.1732356895199314,0.7131944444444445,0.1870183595914344,,128.0,outputs/cache/stew_single_session_all_s1_128hz_1s.npz,outputs/stew_single_session_eegnet,30,64,0.001,0.0001,42,False,True,,8.0,2.0,0.5,4.0,0.2,0.125,0.2,,,,,,,,,,,,,,,,,,,,,,,,,,,,,,,,,,,,,,,,,,,,,,,,,,,,,,,,,,,,,,,,,,,,,,,,,,,,,,,,,,,,,,,,
2026-07-05 06:47:07,stew,tsmnet_spddsbn,tsmnet,loso,48,0.7922222222222223,0.1681738003018277,0.7922222222222223,0.1681738003018277,0.7918452433396869,0.1683798687223767,0.8411064814814814,0.1796039150848552,0.8023198198198198,0.0133731061108324,0.6375833333333333,0.06145595589824,,128.0,outputs/cache/stew_loso_all_s1_128hz_1s.npz,outputs/stew_loso_spddsbn,30,64,0.001,0.0001,42,True,True,,,,,,0.2,0.125,0.2,,,,,,,,,,,,,,,,,,,,,,,,,,,,,,,,,,,,,,,,,,,,,,,,,,,,,,,,,,,,,,,,,,,,,,,,,,,,,,,,,,,,,,,,
2026-07-05 07:35:04,stew,eegconformer,eegconformer,loso,48,0.7053472222222222,0.1225743168855877,0.7053472222222222,0.1225743168855877,0.6943216957982754,0.1338875537836313,0.7831333333333333,0.1589802118815343,0.7929485735735735,0.0358707140281232,0.6911041666666665,0.0290823528051093,,128.0,outputs/cache/stew_loso_all_s1_128hz_1s.npz,outputs/stew_loso_eegconformer,30,64,0.001,0.0001,42,False,True,,,,,,0.2,0.125,0.2,,,,,,,,,,,,,,,,,,,,,,,,,,,,,,,,,,,,,,,,,,,,,,,,,,,,,,,,,,,,,,,,,,,,,,,,,,,,,,,,,,,,,,,,
2026-07-05 08:11:21,stew,eegnet,eegnet,loso,48,0.6938888888888889,0.1445942122272322,0.6938888888888889,0.1445942122272322,0.6740168479494524,0.1687842465547477,0.7556634259259258,0.2043205907600954,0.8022935435435435,0.0194037385660014,0.6903819444444443,0.0229303591159915,,128.0,outputs/cache/stew_loso_all_s1_128hz_1s.npz,outputs/stew_loso_eegnet,30,64,0.001,0.0001,42,False,True,,8.0,2.0,0.5,4.0,0.2,0.125,0.2,,,,,,,,,,,,,,,,,,,,,,,,,,,,,,,,,,,,,,,,,,,,,,,,,,,,,,,,,,,,,,,,,,,,,,,,,,,,,,,,,,,,,,,,
2026-07-05 08:12:58,eegmat,tsmnet_spddsbn,tsmnet,single_session,36,0.9780092592592592,0.0625881212986106,0.9780092592592592,0.0625881212986105,0.9779182572660834,0.0629392648656101,0.9913194444444444,0.0404033005771912,0.9966124661246611,0.0122337753665334,0.9814814814814814,0.0847758742427084,,250.0,outputs/cache/eegmat_single_session_all_s1_250hz_1s.npz,outputs/eegmat_single_session_spddsbn,30,64,0.001,0.0001,42,True,True,,,,,,0.2,0.125,0.2,,,,,,,,,,,,,,,,,,,,,,,,,,,,,,,,,,,,,,,,,,,,,,,,,,,,,,,,,,,,,,,,,,,,,,,,,,,,,,,,,,,,,,,,
2026-07-05 08:13:46,eegmat,eegconformer,eegconformer,single_session,36,0.7141203703703705,0.1895464453327247,0.7141203703703703,0.1895464453327247,0.6755095839576406,0.2363370704301268,0.7910879629629629,0.1897417066268933,0.8365045548045842,0.1851401234739328,0.8055555555555556,0.2108185106778919,,250.0,outputs/cache/eegmat_single_session_all_s1_250hz_1s.npz,outputs/eegmat_single_session_eegconformer,30,64,0.001,0.0001,42,False,True,,,,,,0.2,0.125,0.2,,,,,,,,,,,,,,,,,,,,,,,,,,,,,,,,,,,,,,,,,,,,,,,,,,,,,,,,,,,,,,,,,,,,,,,,,,,,,,,,,,,,,,,,
2026-07-05 08:14:11,eegmat,eegnet,eegnet,single_session,36,0.5324074074074074,0.1228429404038126,0.5324074074074074,0.1228429404038126,0.4957411555998546,0.1453306444920936,0.5347222222222222,0.1583315928615005,0.6563489731282854,0.1410528996523568,0.5949074074074074,0.1880906335247799,,250.0,outputs/cache/eegmat_single_session_all_s1_250hz_1s.npz,outputs/eegmat_single_session_eegnet,30,64,0.001,0.0001,42,False,True,,8.0,2.0,0.5,4.0,0.2,0.125,0.2,,,,,,,,,,,,,,,,,,,,,,,,,,,,,,,,,,,,,,,,,,,,,,,,,,,,,,,,,,,,,,,,,,,,,,,,,,,,,,,,,,,,,,,,
2026-07-05 09:06:30,eegmat,tsmnet_spddsbn,tsmnet,loso,36,0.7727670164110843,0.1705074303519286,0.7725212134987121,0.1703005715860782,0.7712290267543228,0.1722079228261672,0.8254908327380567,0.1897637456346667,0.8189689554128157,0.0162110994394337,0.5605929415893401,0.0867798231819033,,250.0,outputs/cache/eegmat_loso_all_s1_250hz_1s.npz,outputs/eegmat_loso_spddsbn,30,64,0.001,0.0001,42,True,True,,,,,,0.2,0.125,0.2,,,,,,,,,,,,,,,,,,,,,,,,,,,,,,,,,,,,,,,,,,,,,,,,,,,,,,,,,,,,,,,,,,,,,,,,,,,,,,,,,,,,,,,,
2026-07-05 09:23:50,eegmat,eegconformer,eegconformer,loso,36,0.6334033613445378,0.1371572509355252,0.6330631588631297,0.1381437247792017,0.5998854066587063,0.1664462862925114,0.7113029525726778,0.1860550329844757,0.7743421899389701,0.0624320056084303,0.7017582006142085,0.0544726363534642,,250.0,outputs/cache/eegmat_loso_all_s1_250hz_1s.npz,outputs/eegmat_loso_eegconformer,30,64,0.001,0.0001,42,False,True,,,,,,0.2,0.125,0.2,,,,,,,,,,,,,,,,,,,,,,,,,,,,,,,,,,,,,,,,,,,,,,,,,,,,,,,,,,,,,,,,,,,,,,,,,,,,,,,,,,,,,,,,
2026-07-05 09:37:42,eegmat,eegnet,eegnet,loso,36,0.6202365126841696,0.1467481783214793,0.6194149511873065,0.1467232684279388,0.5990449525753558,0.1562912762537829,0.6806194125159641,0.2043183754186774,0.6957741018008409,0.0464773986424193,0.680823818477662,0.0577760694572187,,250.0,outputs/cache/eegmat_loso_all_s1_250hz_1s.npz,outputs/eegmat_loso_eegnet,30,64,0.001,0.0001,42,False,True,,8.0,2.0,0.5,4.0,0.2,0.125,0.2,,,,,,,,,,,,,,,,,,,,,,,,,,,,,,,,,,,,,,,,,,,,,,,,,,,,,,,,,,,,,,,,,,,,,,,,,,,,,,,,,,,,,,,,
2026-07-05 16:15:38,stew,bfgcn,bfgcn,single_session,48,0.7100694444444445,0.1624552887510394,0.7100694444444445,0.1624552887510394,0.6739920006629193,0.2033806790415901,0.8447569444444444,0.1652488514429211,0.7179563492063492,0.1420349171007515,0.717361111111111,0.1657406306817566,,128.0,outputs/cache/stew_single_session_all_s1_128hz_1s.npz,outputs/stew_single_session_bfgcn,30,64,0.001,0.0001,42,True,True,,,,,,0.2,0.125,0.2,2.0,16.0,16.0,32.0,2.0,0.0,1.0,,,,,,,,,,,,,,,,,,,,,,,,,,,,,,,,,,,,,,,,,,,,,,,,,,,,,,,,,,,,,,,,,,,,,,,,,,,,,,,,,
2026-07-05 21:07:27,stew,bfgcn,bfgcn,loso,48,0.7013888888888888,0.1211017846193137,0.7013888888888888,0.1211017846193137,0.6893281175321074,0.1315360373118523,0.7849416666666666,0.140611035845799,0.7633427177177176,0.0236472419570006,0.6771874999999999,0.0364707147162609,,128.0,outputs/cache/stew_loso_all_s1_128hz_1s.npz,outputs/stew_loso_bfgcn,30,64,0.001,0.0001,42,True,True,,,,,,0.2,0.125,0.2,2.0,16.0,16.0,32.0,2.0,0.0,1.0,,,,,,,,,,,,,,,,,,,,,,,,,,,,,,,,,,,,,,,,,,,,,,,,,,,,,,,,,,,,,,,,,,,,,,,,,,,,,,,,,
2026-07-05 21:10:28,eegmat,bfgcn,bfgcn,single_session,36,0.6018518518518519,0.1492190133092314,0.6018518518518519,0.1492190133092314,0.5143248942143422,0.2061279263072604,0.720679012345679,0.2165961367138144,0.6040870800274267,0.1277970204859844,0.6087962962962963,0.1474915177066615,,250.0,outputs/cache/eegmat_single_session_all_s1_250hz_1s.npz,outputs/eegmat_single_session_bfgcn,30,64,0.001,0.0001,42,True,True,,,,,,0.2,0.125,0.2,2.0,16.0,16.0,32.0,2.0,0.0,1.0,,,,,,,,,,,,,,,,,,,,,,,,,,,,,,,,,,,,,,,,,,,,,,,,,,,,,,,,,,,,,,,,,,,,,,,,,,,,,,,,,
2026-07-05 23:16:23,eegmat,bfgcn,bfgcn,loso,36,0.6568845052145151,0.1465477310550015,0.6573969900642899,0.1461819417814363,0.6255561235425056,0.1755811975029681,0.760007143320995,0.18735317897176,0.6745432406539675,0.0438173229961893,0.6565708916640279,0.062829358496162,,250.0,outputs/cache/eegmat_loso_all_s1_250hz_1s.npz,outputs/eegmat_loso_bfgcn,30,64,0.001,0.0001,42,True,True,,,,,,0.2,0.125,0.2,2.0,16.0,16.0,32.0,2.0,0.0,1.0,,,,,,,,,,,,,,,,,,,,,,,,,,,,,,,,,,,,,,,,,,,,,,,,,,,,,,,,,,,,,,,,,,,,,,,,,,,,,,,,,
2026-07-06 13:16:38,stew,mdtn-gmda,mdtn-gmda,single_session,48,0.8725694444444444,0.1598791499620653,0.8725694444444444,0.1598791499620653,0.8519841276687247,0.2080177632317738,0.9259722222222222,0.1326450665698371,0.9060515873015874,0.1702190234060316,0.8854166666666666,0.1798221146238732,,128.0,outputs/cache/stew_single_session_all_s1_128hz_1s.npz,outputs/stew_single_session_mdtn-gmda,30,64,0.001,0.0001,42,True,True,,,,,,0.2,0.125,0.2,,,,,,,,8.0,,,,,,64.0,16.0,3.0,4.0,0.5,0.1,0.01,0.01,0.01,1000.0,,,,,,,,,,,,,,,,,,,,,,,,,,,,,,,,,,,,,,,,,,,,,,,,,,,,,,,,,,,,,,,,,
2026-07-06 14:02:10,stew,mdtn-gmda,mdtn-gmda,loso,48,0.6122916666666667,0.1429529113728585,0.6122916666666667,0.1429529113728586,0.5657431693126851,0.1844922308306349,0.6657782407407407,0.2207687584009242,0.6713250750750751,0.0945973857184421,0.6177708333333333,0.0781390576005049,,128.0,outputs/cache/stew_loso_all_s1_128hz_1s.npz,outputs/stew_loso_mdtn-gmda,30,64,0.001,0.0001,42,True,True,,,,,,0.2,0.125,0.2,,,,,,,,8.0,,,,,,64.0,16.0,3.0,4.0,0.5,0.1,0.01,0.01,0.01,1000.0,,,,,,,,,,,,,,,,,,,,,,,,,,,,,,,,,,,,,,,,,,,,,,,,,,,,,,,,,,,,,,,,,
2026-07-06 14:02:58,eegmat,mdtn-gmda,mdtn-gmda,single_session,36,0.7372685185185186,0.1899821014033046,0.7372685185185186,0.1899821014033046,0.6815488827776105,0.2579013847337375,0.8614969135802468,0.1871281177207235,0.7689171319424039,0.1890187254195434,0.7453703703703703,0.2154217388593645,,250.0,outputs/cache/eegmat_single_session_all_s1_250hz_1s.npz,outputs/eegmat_single_session_mdtn-gmda,30,64,0.001,0.0001,42,True,True,,,,,,0.2,0.125,0.2,,,,,,,,8.0,,,,,,64.0,16.0,3.0,4.0,0.5,0.1,0.01,0.01,0.01,1000.0,,,,,,,,,,,,,,,,,,,,,,,,,,,,,,,,,,,,,,,,,,,,,,,,,,,,,,,,,,,,,,,,,
2026-07-06 14:15:47,eegmat,mdtn-gmda,mdtn-gmda,loso,36,0.6200327588662584,0.1804162198064773,0.6208031636253436,0.1797683646273986,0.5839018229926624,0.2027638207021286,0.7011295376323138,0.2441847927786508,0.691019389228919,0.0355652974780376,0.6937702461819172,0.0419095950658468,,250.0,outputs/cache/eegmat_loso_all_s1_250hz_1s.npz,outputs/eegmat_loso_mdtn-gmda,30,64,0.001,0.0001,42,True,True,,,,,,0.2,0.125,0.2,,,,,,,,8.0,,,,,,64.0,16.0,3.0,4.0,0.5,0.1,0.01,0.01,0.01,1000.0,,,,,,,,,,,,,,,,,,,,,,,,,,,,,,,,,,,,,,,,,,,,,,,,,,,,,,,,,,,,,,,,,
2026-07-06 14:35:56,stew,tsmnet_spddsbn,tsmnet,single_session,240,0.9792361111111112,0.0398523517638879,0.9792361111111112,0.0398523517638879,0.9790755392114155,0.0405747053130107,0.9940370370370368,0.0181916227377948,0.9905555555555556,0.0151336745668726,0.9843055555555555,0.0254933499987301,,128.0,outputs/cache/stew_single_session_all_s1_128hz_1s.npz,outputs/stew_single_session_spddsbn,30,64,0.001,0.0001,42,True,True,,,,,,0.2,0.125,0.2,,,,,,,,8.0,,,,,,,,,,,,,,,,5.0,,,,,,,,,,,,,,,,,,,,,,,,,,,,,,,,,,,,,,,,,,,,,,,,,,,,,,,,,,,,,,,,
2026-07-06 14:45:20,stew,eegconformer,eegconformer,single_session,240,0.8895833333333333,0.0917965353657772,0.8895833333333333,0.0917965353657772,0.8879678600540419,0.0956818151841996,0.945923611111111,0.0749417500478023,0.9554166666666668,0.0604315816638244,0.9433333333333336,0.0793511577083827,,128.0,outputs/cache/stew_single_session_all_s1_128hz_1s.npz,outputs/stew_single_session_eegconformer,30,64,0.001,0.0001,42,False,True,,,,,,0.2,0.125,0.2,,,,,,,,8.0,40.0,6.0,5.0,0.5,256.0,,,,,,,,,,,5.0,,,,,,,,,,,,,,,,,,,,,,,,,,,,,,,,,,,,,,,,,,,,,,,,,,,,,,,,,,,,,,,,
2026-07-06 14:49:18,stew,eegnet,eegnet,single_session,240,0.7628472222222221,0.1761935318384523,0.7628472222222222,0.1761935318384524,0.7512656314658841,0.1932058123451547,0.8063773148148149,0.1870672059504725,0.8687698412698412,0.1483691817924571,0.8112500000000001,0.1828497807105719,,128.0,outputs/cache/stew_single_session_all_s1_128hz_1s.npz,outputs/stew_single_session_eegnet,30,64,0.001,0.0001,42,False,True,,64.0,4.0,0.5,2.0,0.2,0.125,0.2,,,,,,,,8.0,,,,,,,,,,,,,,,,5.0,,,,,,,,,,,,,,,,,,,,,,,,,,,,,,,,,,,,,,,,,,,,,,,,,,,,,,,,,,,,,,,,
2026-07-06 15:25:11,stew,bfgcn,bfgcn,single_session,240,0.7230555555555556,0.1438606196505994,0.7230555555555556,0.1438606196505994,0.6909341446373278,0.1781857868477725,0.8707685185185187,0.1515587550043499,0.741765873015873,0.1293048366407528,0.7420833333333333,0.1350045628307547,,128.0,outputs/cache/stew_single_session_all_s1_128hz_1s.npz,outputs/stew_single_session_bfgcn,30,64,0.001,0.0001,42,True,True,,,,,,0.2,0.125,0.2,2.0,16.0,16.0,32.0,2.0,0.0,1.0,8.0,,,,,,,,,,,,,,,,5.0,,,,,,,,,,,,,,,,,,,,,,,,,,,,,,,,,,,,,,,,,,,,,,,,,,,,,,,,,,,,,,,,
2026-07-06 15:34:28,stew,mdtn-gmda,mdtn-gmda,single_session,240,0.9189583333333332,0.0873738879989017,0.9189583333333334,0.0873738879989017,0.91574940821566,0.1020242628626112,0.954974537037037,0.0643450805803998,0.965059523809524,0.0594998258117195,0.9491666666666668,0.0738730613669348,,128.0,outputs/cache/stew_single_session_all_s1_128hz_1s.npz,outputs/stew_single_session_mdtn-gmda,30,64,0.001,0.0001,42,True,True,,,,,,0.2,0.125,0.2,,,,,,,,8.0,,,,,,64.0,16.0,3.0,4.0,0.5,0.1,0.01,0.01,0.01,1000.0,5.0,,,,,,,,,,,,,,,,,,,,,,,,,,,,,,,,,,,,,,,,,,,,,,,,,,,,,,,,,,,,,,,,
2026-07-06 15:41:17,eegmat,tsmnet_spddsbn,tsmnet,single_session,180,0.9830314009661836,0.0721287342350921,0.9830176767676768,0.0721409834774509,0.9828968046625052,0.0726454940984704,0.988218995510662,0.0639981667657843,0.9979813563195872,0.0078380170684378,0.9875,0.0638092235344508,,250.0,outputs/cache/eegmat_single_session_all_s1_250hz_1s.npz,outputs/eegmat_single_session_spddsbn,30,64,0.001,0.0001,42,True,True,,,,,,0.2,0.125,0.2,,,,,,,,8.0,,,,,,,,,,,,,,,,5.0,,,,,,,,,,,,,,,,,,,,,,,,,,,,,,,,,,,,,,,,,,,,,,,,,,,,,,,,,,,,,,,,
2026-07-06 15:45:20,eegmat,eegconformer,eegconformer,single_session,180,0.7567532206119163,0.1915509858241202,0.7567340067340066,0.1917445778854075,0.7296688801444454,0.2285182621091915,0.8184273288439955,0.2083654297070904,0.8554421518827926,0.1686346303538737,0.8291666666666667,0.1987849106950768,,250.0,outputs/cache/eegmat_single_session_all_s1_250hz_1s.npz,outputs/eegmat_single_session_eegconformer,30,64,0.001,0.0001,42,False,True,,,,,,0.2,0.125,0.2,,,,,,,,8.0,40.0,6.0,5.0,0.5,256.0,,,,,,,,,,,5.0,,,,,,,,,,,,,,,,,,,,,,,,,,,,,,,,,,,,,,,,,,,,,,,,,,,,,,,,,,,,,,,,
2026-07-06 15:46:55,eegmat,eegnet,eegnet,single_session,180,0.5359299516908211,0.1258978059124472,0.5366792929292928,0.1257569351794177,0.5058396134899891,0.1413720986817882,0.5365144500561168,0.1618350822507291,0.7547962659775764,0.1327091926323571,0.5856481481481481,0.1695354946629681,,250.0,outputs/cache/eegmat_single_session_all_s1_250hz_1s.npz,outputs/eegmat_single_session_eegnet,30,64,0.001,0.0001,42,False,True,,64.0,4.0,0.5,2.0,0.2,0.125,0.2,,,,,,,,8.0,,,,,,,,,,,,,,,,5.0,,,,,,,,,,,,,,,,,,,,,,,,,,,,,,,,,,,,,,,,,,,,,,,,,,,,,,,,,,,,,,,,
2026-07-06 16:00:43,eegmat,bfgcn,bfgcn,single_session,180,0.5845511272141707,0.1245138993887323,0.5835016835016835,0.1243895259932848,0.493018378130888,0.1771326364661661,0.7444023569023569,0.2164105298208601,0.588216435233773,0.0999948874269121,0.6143518518518518,0.1276581295540719,,250.0,outputs/cache/eegmat_single_session_all_s1_250hz_1s.npz,outputs/eegmat_single_session_bfgcn,30,64,0.001,0.0001,42,True,True,,,,,,0.2,0.125,0.2,2.0,16.0,16.0,32.0,2.0,0.0,1.0,8.0,,,,,,,,,,,,,,,,5.0,,,,,,,,,,,,,,,,,,,,,,,,,,,,,,,,,,,,,,,,,,,,,,,,,,,,,,,,,,,,,,,,
2026-07-06 16:04:18,eegmat,mdtn-gmda,mdtn-gmda,single_session,180,0.769706119162641,0.1850550355928082,0.7703072390572389,0.1839712798979825,0.7315314091094948,0.2373931886094542,0.8744739057239059,0.1878409551038016,0.8065589885675105,0.1674759929120517,0.7717592592592593,0.1799553122524873,,250.0,outputs/cache/eegmat_single_session_all_s1_250hz_1s.npz,outputs/eegmat_single_session_mdtn-gmda,30,64,0.001,0.0001,42,True,True,,,,,,0.2,0.125,0.2,,,,,,,,8.0,,,,,,64.0,16.0,3.0,4.0,0.5,0.1,0.01,0.01,0.01,1000.0,5.0,,,,,,,,,,,,,,,,,,,,,,,,,,,,,,,,,,,,,,,,,,,,,,,,,,,,,,,,,,,,,,,,
2026-07-06 16:44:11,stew,svm,svm,single_session,48,0.685763888888889,0.1504127333264365,0.6857638888888888,0.1504127333264365,0.660326716576714,0.1789615801384678,0.7011111111111111,0.2096922582824868,0.8686507936507937,0.1198487062426144,0.6409722222222222,0.1647750215372956,,128.0,outputs/cache/stew_single_session_all_s1_128hz_1s.npz,outputs/stew_single_session_svm,30,64,0.001,0.0001,42,False,True,,,,,,0.2,0.125,0.2,,,,,,,,8.0,,,,,,,,,,,,,,,,,rbf,1.0,scale,balanced,,,,,,,,,,,,,,,,,,,,,,,,,,,,,,,,,,,,,,,,,,,,,,,,,,,,,,,,,,,,
2026-07-06 16:59:24,stew,svm,svm,single_session,48,0.685763888888889,0.1504127333264365,0.6857638888888888,0.1504127333264365,0.660326716576714,0.1789615801384678,0.7011111111111111,0.2096922582824868,0.8686507936507937,0.1198487062426144,0.6409722222222222,0.1647750215372956,,128.0,outputs/cache/stew_single_session_all_s1_128hz_1s.npz,outputs/stew_single_session_svm,30,64,0.001,0.0001,42,False,True,,,,,,0.2,0.125,0.2,,,,,,,,8.0,,,,,,,,,,,,,,,,,rbf,1.0,scale,balanced,,,,,,,,,,,,,,,,,,,,,,,,,,,,,,,,,,,,,,,,,,,,,,,,,,,,,,,,,,,,
2026-07-06 18:48:24,stew,tahag,tahag,single_session,48,0.7003472222222221,0.1558356404931546,0.7003472222222221,0.1558356404931546,0.6726730141674406,0.1915406972407121,0.7842361111111112,0.1765212176511968,0.7482142857142856,0.1233004302184458,0.7180555555555556,0.1678621427707013,,128.0,outputs/cache/stew_single_session_all_s1_128hz_1s.npz,outputs/stew_single_session_tahag,30,64,0.001,0.0001,42,True,True,,,,,,0.2,0.125,0.2,,,,,,,,8.0,,,,,,,,,,,,,,,,,,,,,0.25,1.0,1.0,True,True,,,,,,,,,,,,,,,,,,,,,,,,,,,,,,,,,,,,,,,,,,,,,,,,,,,,,,,
2026-07-06 20:20:16,stew,tahag,tahag,loso,48,0.6954166666666666,0.1186659992809346,0.6954166666666667,0.1186659992809346,0.6857251599599855,0.1274078158889917,0.7681861111111111,0.1476348642303972,0.7704466966966966,0.0388606208945436,0.689625,0.0400306398607313,,128.0,outputs/cache/stew_loso_all_s1_128hz_1s.npz,outputs/stew_loso_tahag,30,64,0.001,0.0001,42,True,True,,,,,,0.2,0.125,0.2,,,,,,,,8.0,,,,,,,,,,,,,,,,,,,,,0.25,1.0,1.0,True,True,,,,,,,,,,,,,,,,,,,,,,,,,,,,,,,,,,,,,,,,,,,,,,,,,,,,,,,
2026-07-06 20:21:19,eegmat,tahag,tahag,single_session,36,0.6458333333333334,0.1668154098169019,0.6458333333333334,0.1668154098169019,0.612680415420891,0.1954163540026486,0.7119984567901235,0.2158338064533276,0.6667278871583897,0.1459501506590813,0.7060185185185184,0.1624296075998587,,250.0,outputs/cache/eegmat_single_session_all_s1_250hz_1s.npz,outputs/eegmat_single_session_tahag,30,64,0.001,0.0001,42,True,True,,,,,,0.2,0.125,0.2,,,,,,,,8.0,,,,,,,,,,,,,,,,,,,,,0.25,1.0,1.0,True,True,,,,,,,,,,,,,,,,,,,,,,,,,,,,,,,,,,,,,,,,,,,,,,,,,,,,,,,
2026-07-06 20:53:17,eegmat,tahag,tahag,loso,36,0.6173562645397142,0.1040805596086259,0.6168601316102776,0.1048240871408081,0.5881832534047462,0.1294269020554795,0.687138504664805,0.1545275646146425,0.640777923000003,0.0497640102248791,0.6180255687060637,0.0533328118843172,,250.0,outputs/cache/eegmat_loso_all_s1_250hz_1s.npz,outputs/eegmat_loso_tahag,30,64,0.001,0.0001,42,True,True,,,,,,0.2,0.125,0.2,,,,,,,,8.0,,,,,,,,,,,,,,,,,,,,,0.25,1.0,1.0,True,True,,,,,,,,,,,,,,,,,,,,,,,,,,,,,,,,,,,,,,,,,,,,,,,,,,,,,,,
2026-07-06 21:12:20,stew,lstm,lstm,single_session,48,0.8038194444444445,0.1816733222586315,0.8038194444444445,0.1816733222586315,0.7928601060919321,0.2024757772918618,0.8374999999999999,0.1874889717446692,0.8561507936507936,0.1603746708771083,0.8388888888888889,0.1768296228691185,,128.0,outputs/cache/stew_single_session_all_s1_128hz_1s.npz,outputs/stew_single_session_lstm,30,64,0.001,0.0001,42,False,True,,,,,,0.2,0.125,0.2,,,,,,,,8.0,,,,,,,,,,,,,,,,,,,,,,,,,,,,,,,,,64.0,1.0,0.5,,,,,,,,,,,,,,,,,,,,,,,,,,,,,,,,,,,,,,,,,,,,,
2026-07-06 21:13:26,stew,bilstm,bilstm,single_session,48,0.8479166666666665,0.1390029082812237,0.8479166666666665,0.1390029082812237,0.8447287591794774,0.1446907767152885,0.8847453703703704,0.1474425604094211,0.874702380952381,0.1409468914084774,0.8631944444444445,0.1599703848675528,,128.0,outputs/cache/stew_single_session_all_s1_128hz_1s.npz,outputs/stew_single_session_bilstm,30,64,0.001,0.0001,42,False,True,,,,,,0.2,0.125,0.2,,,,,,,,8.0,,,,,,,,,,,,,,,,,,,,,,,,,,,,,,,,,64.0,1.0,0.5,,,,,,,,,,,,,,,,,,,,,,,,,,,,,,,,,,,,,,,,,,,,,
2026-07-06 21:14:50,stew,transformer,transformer,single_session,48,0.9371527777777778,0.0852086566577876,0.9371527777777778,0.0852086566577876,0.9342173249661592,0.0995161018538714,0.9762731481481484,0.053286765319353,0.972123015873016,0.05945174631374,0.9423611111111112,0.1082287183549419,,128.0,outputs/cache/stew_single_session_all_s1_128hz_1s.npz,outputs/stew_single_session_transformer,30,64,0.001,0.0001,42,False,True,,,,,,0.2,0.125,0.2,,,,,,,,8.0,,,,,,,,,,,,,,,,,,,,,,,,,,,,,,,,,,,,64.0,4.0,2.0,128.0,0.2,,,,,,,,,,,,,,,,,,,,,,,,,,,,,,,,,,,,,,,,
2026-07-06 21:15:55,stew,shallowcnn,shallowcnn,single_session,48,0.9333333333333332,0.0573240962375881,0.9333333333333332,0.0573240962375881,0.9330632189325336,0.057705064682974,0.9743981481481482,0.0369730436121302,0.988293650793651,0.0271862525412794,0.9430555555555556,0.0595325896935333,,128.0,outputs/cache/stew_single_session_all_s1_128hz_1s.npz,outputs/stew_single_session_shallowcnn,30,64,0.001,0.0001,42,False,True,,,,,,0.2,0.125,0.2,,,,,,,,8.0,,,,,,,,,,,,,,,,,,,,,,,,,,,,,,,,,,,,,,,,,40.0,25.0,25.0,0.5,,,,,,,,,,,,,,,,,,,,,,,,,,,,,,,,,,,,
2026-07-06 21:42:33,stew,lstm,lstm,loso,48,0.6727083333333335,0.1360618970708381,0.6727083333333335,0.1360618970708382,0.6551925221948975,0.1535480813322998,0.7271925925925925,0.1530941849255416,0.7588419669669669,0.0302640056999578,0.6659027777777778,0.0234666866470471,,128.0,outputs/cache/stew_loso_all_s1_128hz_1s.npz,outputs/stew_loso_lstm,30,64,0.001,0.0001,42,False,True,,,,,,0.2,0.125,0.2,,,,,,,,8.0,,,,,,,,,,,,,,,,,,,,,,,,,,,,,,,,,64.0,1.0,0.5,,,,,,,,,,,,,,,,,,,,,,,,,,,,,,,,,,,,,,,,,,,,,
2026-07-06 22:08:36,stew,bilstm,bilstm,loso,48,0.6685416666666666,0.1249546608081635,0.6685416666666667,0.1249546608081635,0.6516735808965214,0.1440987488475876,0.7204175925925925,0.1480194160840693,0.743415915915916,0.0273872980621943,0.6577291666666666,0.0302555433250049,,128.0,outputs/cache/stew_loso_all_s1_128hz_1s.npz,outputs/stew_loso_bilstm,30,64,0.001,0.0001,42,False,True,,,,,,0.2,0.125,0.2,,,,,,,,8.0,,,,,,,,,,,,,,,,,,,,,,,,,,,,,,,,,64.0,1.0,0.5,,,,,,,,,,,,,,,,,,,,,,,,,,,,,,,,,,,,,,,,,,,,,
2026-07-06 22:34:32,stew,transformer,transformer,loso,48,0.7148611111111111,0.1286003179046203,0.7148611111111111,0.1286003179046203,0.699563968186285,0.1482457571072327,0.7935407407407405,0.1539311738055463,0.8355405405405406,0.0283298476627605,0.7041805555555555,0.0217121680794617,,128.0,outputs/cache/stew_loso_all_s1_128hz_1s.npz,outputs/stew_loso_transformer,30,64,0.001,0.0001,42,False,True,,,,,,0.2,0.125,0.2,,,,,,,,8.0,,,,,,,,,,,,,,,,,,,,,,,,,,,,,,,,,,,,64.0,4.0,2.0,128.0,0.2,,,,,,,,,,,,,,,,,,,,,,,,,,,,,,,,,,,,,,,,
2026-07-06 23:01:40,stew,shallowcnn,shallowcnn,loso,48,0.7426388888888887,0.1318516221963451,0.7426388888888887,0.1318516221963451,0.7260130809825532,0.1568617327820416,0.8222305555555556,0.1734115298322163,0.8378209459459459,0.0345058165000142,0.7117569444444444,0.0321351857550968,,128.0,outputs/cache/stew_loso_all_s1_128hz_1s.npz,outputs/stew_loso_shallowcnn,30,64,0.001,0.0001,42,False,True,,,,,,0.2,0.125,0.2,,,,,,,,8.0,,,,,,,,,,,,,,,,,,,,,,,,,,,,,,,,,,,,,,,,,40.0,25.0,25.0,0.5,,,,,,,,,,,,,,,,,,,,,,,,,,,,,,,,,,,,
2026-07-06 23:02:12,eegmat,lstm,lstm,single_session,36,0.5578703703703703,0.126097474963775,0.5578703703703703,0.1260974749637749,0.5357097181754628,0.1406592725046748,0.5902777777777778,0.142666870642192,0.6605405361282529,0.12332031968288,0.613425925925926,0.1544996760896817,,250.0,outputs/cache/eegmat_single_session_all_s1_250hz_1s.npz,outputs/eegmat_single_session_lstm,30,64,0.001,0.0001,42,False,True,,,,,,0.2,0.125,0.2,,,,,,,,8.0,,,,,,,,,,,,,,,,,,,,,,,,,,,,,,,,,64.0,1.0,0.5,,,,,,,,,,,,,,,,,,,,,,,,,,,,,,,,,,,,,,,,,,,,,
2026-07-06 23:02:43,eegmat,bilstm,bilstm,single_session,36,0.5381944444444444,0.1249503869795896,0.5381944444444444,0.1249503869795896,0.5037708504507832,0.1403408745858895,0.5680941358024693,0.137370865331326,0.6306975870963529,0.1208111903858782,0.5949074074074074,0.1532100666241979,,250.0,outputs/cache/eegmat_single_session_all_s1_250hz_1s.npz,outputs/eegmat_single_session_bilstm,30,64,0.001,0.0001,42,False,True,,,,,,0.2,0.125,0.2,,,,,,,,8.0,,,,,,,,,,,,,,,,,,,,,,,,,,,,,,,,,64.0,1.0,0.5,,,,,,,,,,,,,,,,,,,,,,,,,,,,,,,,,,,,,,,,,,,,,
2026-07-06 23:03:30,eegmat,transformer,transformer,single_session,36,0.8611111111111112,0.1577998531393285,0.8611111111111112,0.1577998531393285,0.8562670670911389,0.1649253839079099,0.9212962962962964,0.1221455387145431,0.9408446795311326,0.1246112816615607,0.9004629629629631,0.156625430799702,,250.0,outputs/cache/eegmat_single_session_all_s1_250hz_1s.npz,outputs/eegmat_single_session_transformer,30,64,0.001,0.0001,42,False,True,,,,,,0.2,0.125,0.2,,,,,,,,8.0,,,,,,,,,,,,,,,,,,,,,,,,,,,,,,,,,,,,64.0,4.0,2.0,128.0,0.2,,,,,,,,,,,,,,,,,,,,,,,,,,,,,,,,,,,,,,,,
2026-07-06 23:04:08,eegmat,shallowcnn,shallowcnn,single_session,36,0.855324074074074,0.1547803458691449,0.855324074074074,0.1547803458691449,0.848963384704929,0.1648258170395402,0.914158950617284,0.1263829230427176,0.9831235511150292,0.0598739373667718,0.8657407407407409,0.1762458800349015,,250.0,outputs/cache/eegmat_single_session_all_s1_250hz_1s.npz,outputs/eegmat_single_session_shallowcnn,30,64,0.001,0.0001,42,False,True,,,,,,0.2,0.125,0.2,,,,,,,,8.0,,,,,,,,,,,,,,,,,,,,,,,,,,,,,,,,,,,,,,,,,40.0,25.0,25.0,0.5,,,,,,,,,,,,,,,,,,,,,,,,,,,,,,,,,,,,
2026-07-06 23:14:22,eegmat,lstm,lstm,loso,36,0.6216311383310386,0.1198607281456939,0.622367117994675,0.1198225917490569,0.5996649433713753,0.1369882562121656,0.658335497976059,0.1529427772963141,0.6750237725471773,0.0260263111219517,0.6685109995486997,0.0374548485554219,,250.0,outputs/cache/eegmat_loso_all_s1_250hz_1s.npz,outputs/eegmat_loso_lstm,30,64,0.001,0.0001,42,False,True,,,,,,0.2,0.125,0.2,,,,,,,,8.0,,,,,,,,,,,,,,,,,,,,,,,,,,,,,,,,,64.0,1.0,0.5,,,,,,,,,,,,,,,,,,,,,,,,,,,,,,,,,,,,,,,,,,,,,
2026-07-06 23:24:48,eegmat,bilstm,bilstm,loso,36,0.6054060042095935,0.1142754902843465,0.6063606673593523,0.1142303371285619,0.5786722575762987,0.1370316047426154,0.6393484695975928,0.1427792377480095,0.6661042657185233,0.0389807061936456,0.665692316632641,0.0454667654643983,,250.0,outputs/cache/eegmat_loso_all_s1_250hz_1s.npz,outputs/eegmat_loso_bilstm,30,64,0.001,0.0001,42,False,True,,,,,,0.2,0.125,0.2,,,,,,,,8.0,,,,,,,,,,,,,,,,,,,,,,,,,,,,,,,,,64.0,1.0,0.5,,,,,,,,,,,,,,,,,,,,,,,,,,,,,,,,,,,,,,,,,,,,,
2026-07-06 23:33:34,eegmat,transformer,transformer,loso,36,0.668856525661112,0.1478462241355643,0.668549770547871,0.1476976858122185,0.6384297152519651,0.1776685183535853,0.748856392189969,0.2187170903847386,0.7485112919065858,0.0357457094551503,0.7202054548385907,0.0338096307609288,,250.0,outputs/cache/eegmat_loso_all_s1_250hz_1s.npz,outputs/eegmat_loso_transformer,30,64,0.001,0.0001,42,False,True,,,,,,0.2,0.125,0.2,,,,,,,,8.0,,,,,,,,,,,,,,,,,,,,,,,,,,,,,,,,,,,,64.0,4.0,2.0,128.0,0.2,,,,,,,,,,,,,,,,,,,,,,,,,,,,,,,,,,,,,,,,
2026-07-06 23:41:31,eegmat,shallowcnn,shallowcnn,loso,36,0.6798434062890695,0.1196485942534095,0.6799108978938027,0.1199349810728608,0.6564774015461976,0.1454251074450472,0.7707413360174904,0.1626754794342702,0.8472528958213661,0.0425957126283699,0.7442886180441032,0.022135109983273,,250.0,outputs/cache/eegmat_loso_all_s1_250hz_1s.npz,outputs/eegmat_loso_shallowcnn,30,64,0.001,0.0001,42,False,True,,,,,,0.2,0.125,0.2,,,,,,,,8.0,,,,,,,,,,,,,,,,,,,,,,,,,,,,,,,,,,,,,,,,,40.0,25.0,25.0,0.5,,,,,,,,,,,,,,,,,,,,,,,,,,,,,,,,,,,,
2026-07-06 23:55:51,stew,lsccn,lsccn,single_session,48,0.6604166666666667,0.1614658400222469,0.6604166666666667,0.1614658400222469,0.6394962604920593,0.1809982772308853,0.7008564814814816,0.1948692744527297,0.6931547619047619,0.1454738606611801,0.7326388888888888,0.1388043477925495,,128.0,outputs/cache/stew_single_session_all_s1_128hz_1s.npz,outputs/stew_single_session_lsccn,30,64,0.001,0.0001,42,False,True,,,,,,0.2,0.125,0.2,,,,,,,,8.0,,,,,,,,,,,,,,,,,,,,,,,,,,,,,200.0,3.0,1e-05,0.1,,,,,,,,,,,,,,,,,,,,,,,,,,,,,,,,,,,,,,,,,,,,,,,,
2026-07-06 23:56:10,stew,svm,svm,single_session,48,0.4944444444444444,0.0630521317323756,0.4944444444444444,0.0630521317323756,0.4908368426356366,0.0634597485208494,0.4957407407407407,0.0886356716396685,1.0,0.0,0.5020833333333333,0.0843291564014803,,128.0,outputs/cache/stew_single_session_all_s1_128hz_1s.npz,outputs/stew_single_session_svm,30,64,0.001,0.0001,42,False,True,,,,,,0.2,0.125,0.2,,,,,,,,8.0,,,,,,,,,,,,,,,,,rbf,1.0,scale,balanced,,,,,,linear-svc,0.0,5000.0,,,,,,,,,,,,,,,,,,,,,,,,,,,,,,,,,,,,,,,,,,,,,,,,,,,,
2026-07-07 01:33:01,stew,lsccn,lsccn,loso,48,0.7252777777777778,0.1041294732653616,0.7252777777777778,0.1041294732653616,0.7138027740461013,0.1157848682727381,0.8196379629629629,0.1215914361761151,0.7901895645645647,0.0231742339869695,0.718486111111111,0.0149843035814784,,128.0,outputs/cache/stew_loso_all_s1_128hz_1s.npz,outputs/stew_loso_lsccn,30,64,0.001,0.0001,42,False,True,,,,,,0.2,0.125,0.2,,,,,,,,8.0,,,,,,,,,,,,,,,,,,,,,,,,,,,,,200.0,3.0,1e-05,0.1,,,,,,,,,,,,,,,,,,,,,,,,,,,,,,,,,,,,,,,,,,,,,,,,
2026-07-07 20:26:28,stew,ms_tgc_spddsbn,ms_tgc_spddsbn,single_session,48,0.977777777777778,0.0433978425090068,0.977777777777778,0.0433978425090068,0.9776069677450244,0.0440830932925432,0.9946759259259258,0.0174541439558365,0.9992063492063492,0.0026600970844329,0.9805555555555556,0.0335689075247239,,128.0,outputs/cache/stew_single_session_all_s1_128hz_1s.npz,outputs/stew_single_session_ms_tgc_spddsbn,30,64,0.001,0.0001,42,True,True,,,,,,0.2,0.125,0.2,,,,,,,,8.0,,,,,,,,,,,,,,,,,,,,,,,,,,,,,,,,,,,,,,,,,,,,,,,,,,64.0,64.0,128.0,16.0,4.0,3.0,0.5,0.0,2.0,2.0,False,,,,,,,,,,,,,,,,,,,,
2026-07-08 04:14:40,stew,ms_tgc_spddsbn,ms_tgc_spddsbn,loso,48,0.7985416666666666,0.1173725479480629,0.7985416666666666,0.1173725479480629,0.7948327083012886,0.1226697730293217,0.8694111111111112,0.1233874341333937,0.8765202702702702,0.0221029863738249,0.7115069444444444,0.0216588627062305,,128.0,outputs/cache/stew_loso_all_s1_128hz_1s.npz,outputs/stew_loso_ms_tgc_spddsbn,30,64,0.001,0.0001,42,True,True,,,,,,0.2,0.125,0.2,,,,,,,,8.0,,,,,,,,,,,,,,,,,,,,,,,,,,,,,,,,,,,,,,,,,,,,,,,,,,64.0,64.0,128.0,16.0,4.0,3.0,0.5,0.0,2.0,2.0,False,,,,,,,,,,,,,,,,,,,,
2026-07-08 04:17:11,eegmat,ms_tgc_spddsbn,ms_tgc_spddsbn,single_session,36,0.9733796296296297,0.0676657120635352,0.9733796296296297,0.0676657120635352,0.9728585260083328,0.0702188558379038,0.9890046296296297,0.0483232691127422,0.9942411924119242,0.0345528455284552,0.9837962962962964,0.062422791817345,,250.0,outputs/cache/eegmat_single_session_all_s1_250hz_1s.npz,outputs/eegmat_single_session_ms_tgc_spddsbn,30,64,0.001,0.0001,42,True,True,,,,,,0.2,0.125,0.2,,,,,,,,8.0,,,,,,,,,,,,,,,,,,,,,,,,,,,,,,,,,,,,,,,,,,,,,,,,,,64.0,64.0,128.0,16.0,4.0,3.0,0.5,0.0,2.0,2.0,False,,,,,,,,,,,,,,,,,,,,
2026-07-08 05:36:48,eegmat,ms_tgc_spddsbn,ms_tgc_spddsbn,loso,36,0.7358044912880407,0.196159626715292,0.7359000584453536,0.1958341132711921,0.7336701745246017,0.198862546910851,0.7834955462475919,0.2201606243855404,0.8796097468062993,0.045269491554469,0.5338997489036388,0.0744401371497899,,250.0,outputs/cache/eegmat_loso_all_s1_250hz_1s.npz,outputs/eegmat_loso_ms_tgc_spddsbn,30,64,0.001,0.0001,42,True,True,,,,,,0.2,0.125,0.2,,,,,,,,8.0,,,,,,,,,,,,,,,,,,,,,,,,,,,,,,,,,,,,,,,,,,,,,,,,,,64.0,64.0,128.0,16.0,4.0,3.0,0.5,0.0,2.0,2.0,False,,,,,,,,,,,,,,,,,,,,
2026-07-08 13:10:04,stew,mstgc_dta_ce,mstgc_dta_ce,single_session,48,0.920138888888889,0.1079553325311307,0.920138888888889,0.1079553325311307,0.9196292532606728,0.1097881894644055,0.9548148148148148,0.1001145478253768,0.9583333333333334,0.0562536351033762,0.936111111111111,0.0890807621807387,,128.0,outputs/cache/stew_single_session_all_s1_128hz_1s.npz,outputs/stew_single_session_mstgc_dta_ce,30,64,0.001,0.0001,42,False,True,,,,,,0.2,0.125,0.2,,,,,,,,8.0,,,,,,,,,,,,,,,,,,,,,,,,,,,,,,,,,,,,,,,,,,,,,,,,,,64.0,64.0,128.0,16.0,4.0,3.0,0.5,0.0,2.0,2.0,False,,,,,,,,,,,,,,,,,,,,
2026-07-08 13:11:41,stew,mstgc_dta_cheb_ce,mstgc_dta_cheb_ce,single_session,48,0.9225694444444444,0.0857789770277146,0.9225694444444444,0.0857789770277146,0.9219740769139678,0.0869666933200066,0.9625,0.0661673579191868,0.953373015873016,0.0710660054093742,0.9263888888888888,0.1100093125938345,,128.0,outputs/cache/stew_single_session_all_s1_128hz_1s.npz,outputs/stew_single_session_mstgc_dta_cheb_ce,30,64,0.001,0.0001,42,False,True,,,,,,0.2,0.125,0.2,,,,,,,,8.0,,,,,,,,,,,,,,,,,,,,,,,,,,,,,,,,,,,,,,,,,,,,,,,,,,64.0,64.0,128.0,16.0,4.0,3.0,0.5,0.0,2.0,2.0,False,,,,,,,,,,,,,,,,,,,,
2026-07-08 13:13:20,stew,mstgc_dta_cheb_eudsbn,mstgc_dta_cheb_eudsbn,single_session,48,0.9187500000000002,0.0981883773509294,0.9187500000000002,0.0981883773509294,0.9147354073202456,0.1134004999576073,0.9616203703703704,0.074017851989224,0.9420634920634922,0.0844345152905402,0.9208333333333334,0.1019027024003837,,128.0,outputs/cache/stew_single_session_all_s1_128hz_1s.npz,outputs/stew_single_session_mstgc_dta_cheb_eudsbn,30,64,0.001,0.0001,42,True,True,,,,,,0.2,0.125,0.2,,,,,,,,8.0,,,,,,,,,,,,,,,,,,,,,,,,,,,,,,,,,,,,,,,,,,,,,,,,,,64.0,64.0,128.0,16.0,4.0,3.0,0.5,0.0,2.0,2.0,False,,,,,,,,,,,,,,,,,,,,
2026-07-08 13:17:23,stew,mstgc_dta_cheb_spdbn,mstgc_dta_cheb_spdbn,single_session,48,0.9763888888888888,0.0438719032277948,0.9763888888888888,0.0438719032277948,0.9761605885083096,0.0449300277412746,0.9942592592592592,0.0181626966018389,0.9991071428571427,0.0025343207923838,0.9861111111111112,0.0290376240271316,,128.0,outputs/cache/stew_single_session_all_s1_128hz_1s.npz,outputs/stew_single_session_mstgc_dta_cheb_spdbn,30,64,0.001,0.0001,42,False,True,,,,,,0.2,0.125,0.2,,,,,,,,8.0,,,,,,,,,,,,,,,,,,,,,,,,,,,,,,,,,,,,,,,,,,,,,,,,,,64.0,64.0,128.0,16.0,4.0,3.0,0.5,0.0,2.0,2.0,False,,,,,,,,,,,,,,,,,,,,
2026-07-08 13:21:42,stew,ms_tgc_spddsbn,ms_tgc_spddsbn,single_session,48,0.977777777777778,0.0433978425090068,0.977777777777778,0.0433978425090068,0.9776069677450244,0.0440830932925432,0.9946759259259258,0.0174541439558365,0.9992063492063492,0.0026600970844329,0.9805555555555556,0.0335689075247239,,128.0,outputs/cache/stew_single_session_all_s1_128hz_1s.npz,outputs/stew_single_session_ms_tgc_spddsbn,30,64,0.001,0.0001,42,True,True,,,,,,0.2,0.125,0.2,,,,,,,,8.0,,,,,,,,,,,,,,,,,,,,,,,,,,,,,,,,,,,,,,,,,,,,,,,,,,64.0,64.0,128.0,16.0,4.0,3.0,0.5,0.0,2.0,2.0,False,,,,,,,,,,,,,,,,,,,,
2026-07-08 13:25:25,stew,mstgc_wo_dta,mstgc_wo_dta,single_session,48,0.9791666666666666,0.0385156012109771,0.9791666666666666,0.0385156012109771,0.978924296162441,0.0397241787014791,0.9938194444444444,0.0223129427751614,0.9987103174603176,0.0049836499534019,0.9819444444444446,0.039475481412919,,128.0,outputs/cache/stew_single_session_all_s1_128hz_1s.npz,outputs/stew_single_session_mstgc_wo_dta,30,64,0.001,0.0001,42,True,True,,,,,,0.2,0.125,0.2,,,,,,,,8.0,,,,,,,,,,,,,,,,,,,,,,,,,,,,,,,,,,,,,,,,,,,,,,,,,,64.0,64.0,128.0,16.0,4.0,3.0,0.5,0.0,2.0,2.0,False,,,,,,,,,,,,,,,,,,,,
2026-07-08 13:29:06,stew,mstgc_wo_cheb,mstgc_wo_cheb,single_session,48,0.9763888888888888,0.0484796432301498,0.9763888888888888,0.0484796432301498,0.976214687478699,0.0493108456185401,0.9936111111111112,0.023376072531718,0.9985119047619048,0.0048279363062971,0.9812499999999998,0.0336202193469371,,128.0,outputs/cache/stew_single_session_all_s1_128hz_1s.npz,outputs/stew_single_session_mstgc_wo_cheb,30,64,0.001,0.0001,42,True,True,,,,,,0.2,0.125,0.2,,,,,,,,8.0,,,,,,,,,,,,,,,,,,,,,,,,,,,,,,,,,,,,,,,,,,,,,,,,,,64.0,64.0,128.0,16.0,4.0,3.0,0.5,0.0,2.0,2.0,False,,,,,,,,,,,,,,,,,,,,
2026-07-08 13:32:32,stew,mstgc_wo_spddsbn,mstgc_wo_spddsbn,single_session,48,0.975347222222222,0.0384371986844878,0.975347222222222,0.0384371986844878,0.9753184526046232,0.038475381659587,0.9931481481481482,0.0190616950504028,0.9992063492063492,0.0022685384159063,0.9840277777777778,0.029164555816896,,128.0,outputs/cache/stew_single_session_all_s1_128hz_1s.npz,outputs/stew_single_session_mstgc_wo_spddsbn,30,64,0.001,0.0001,42,False,True,,,,,,0.2,0.125,0.2,,,,,,,,8.0,,,,,,,,,,,,,,,,,,,,,,,,,,,,,,,,,,,,,,,,,,,,,,,,,,64.0,64.0,128.0,16.0,4.0,3.0,0.5,0.0,2.0,2.0,False,,,,,,,,,,,,,,,,,,,,
2026-07-08 14:07:02,stew,mstgc_dta_ce,mstgc_dta_ce,loso,48,0.7086111111111112,0.1370127659378674,0.7086111111111112,0.1370127659378674,0.6966211517508644,0.1491396209600063,0.8023527777777778,0.1597230930349372,0.793352102102102,0.0224559180658523,0.6884583333333333,0.0179051381349378,,128.0,outputs/cache/stew_loso_all_s1_128hz_1s.npz,outputs/stew_loso_mstgc_dta_ce,30,64,0.001,0.0001,42,False,True,,,,,,0.2,0.125,0.2,,,,,,,,8.0,,,,,,,,,,,,,,,,,,,,,,,,,,,,,,,,,,,,,,,,,,,,,,,,,,64.0,64.0,128.0,16.0,4.0,3.0,0.5,0.0,2.0,2.0,False,,,,,,,,,,,,,,,,,,,,
2026-07-08 14:50:11,stew,mstgc_dta_cheb_ce,mstgc_dta_cheb_ce,loso,48,0.7058333333333334,0.1506102637161326,0.7058333333333334,0.1506102637161326,0.6868603263561249,0.1747666655275732,0.8002861111111113,0.1502435937925563,0.8019613363363364,0.0185031511120379,0.6902152777777778,0.0153969524452746,,128.0,outputs/cache/stew_loso_all_s1_128hz_1s.npz,outputs/stew_loso_mstgc_dta_cheb_ce,30,64,0.001,0.0001,42,False,True,,,,,,0.2,0.125,0.2,,,,,,,,8.0,,,,,,,,,,,,,,,,,,,,,,,,,,,,,,,,,,,,,,,,,,,,,,,,,,64.0,64.0,128.0,16.0,4.0,3.0,0.5,0.0,2.0,2.0,False,,,,,,,,,,,,,,,,,,,,
2026-07-08 16:06:47,stew,mstgc_dta_cheb_eudsbn,mstgc_dta_cheb_eudsbn,loso,48,0.6931249999999999,0.1460033456820582,0.6931249999999999,0.1460033456820582,0.6694227373024083,0.1763428883443161,0.7995393518518519,0.1432851400453159,0.7621133633633633,0.0189922450449343,0.6807847222222222,0.0275829708646093,,128.0,outputs/cache/stew_loso_all_s1_128hz_1s.npz,outputs/stew_loso_mstgc_dta_cheb_eudsbn,30,64,0.001,0.0001,42,True,True,,,,,,0.2,0.125,0.2,,,,,,,,8.0,,,,,,,,,,,,,,,,,,,,,,,,,,,,,,,,,,,,,,,,,,,,,,,,,,64.0,64.0,128.0,16.0,4.0,3.0,0.5,0.0,2.0,2.0,False,,,,,,,,,,,,,,,,,,,,
2026-07-08 17:16:52,stew,mstgc_dta_cheb_spdbn,mstgc_dta_cheb_spdbn,loso,48,0.7877083333333333,0.1094887242270203,0.7877083333333333,0.1094887242270203,0.7781246524278759,0.1219941807133564,0.8899314814814815,0.0925708705237293,0.9152233483483484,0.0249953620253964,0.7433958333333331,0.0242974724823536,,128.0,outputs/cache/stew_loso_all_s1_128hz_1s.npz,outputs/stew_loso_mstgc_dta_cheb_spdbn,30,64,0.001,0.0001,42,False,True,,,,,,0.2,0.125,0.2,,,,,,,,8.0,,,,,,,,,,,,,,,,,,,,,,,,,,,,,,,,,,,,,,,,,,,,,,,,,,64.0,64.0,128.0,16.0,4.0,3.0,0.5,0.0,2.0,2.0,False,,,,,,,,,,,,,,,,,,,,
2026-07-09 00:20:05,stew,ms_tgc_spddsbn,ms_tgc_spddsbn,loso,48,0.7891666666666667,0.1214267040005799,0.7891666666666667,0.1214267040005799,0.7862600587522289,0.124753212720535,0.8627064814814815,0.1363822423081034,0.873292042042042,0.0220417065759022,0.7113194444444444,0.0241718589025618,,128.0,outputs/cache/stew_loso_all_s1_128hz_1s.npz,outputs/stew_loso_ms_tgc_spddsbn,30,64,0.001,0.0001,42,True,True,,,,,,0.2,0.125,0.2,,,,,,,,8.0,,,,,,,,,,,,,,,,,,,,,,,,,,,,,,,,,,,,,,,,,,,,,,,,,,64.0,64.0,128.0,16.0,4.0,3.0,0.5,0.0,2.0,2.0,False,,,,,,,,,,,,,,,,,,,,
2026-07-09 08:00:56,stew,mstgc_wo_dta,mstgc_wo_dta,loso,48,0.8150694444444445,0.0997822441965262,0.8150694444444445,0.0997822441965262,0.812824738518925,0.1018739609689782,0.8901712962962961,0.0972782831636826,0.8756381381381382,0.0211779591264425,0.7184444444444443,0.0278654597225252,,128.0,outputs/cache/stew_loso_all_s1_128hz_1s.npz,outputs/stew_loso_mstgc_wo_dta,30,64,0.001,0.0001,42,True,True,,,,,,0.2,0.125,0.2,,,,,,,,8.0,,,,,,,,,,,,,,,,,,,,,,,,,,,,,,,,,,,,,,,,,,,,,,,,,,64.0,64.0,128.0,16.0,4.0,3.0,0.5,0.0,2.0,2.0,False,,,,,,,,,,,,,,,,,,,,
2026-07-09 15:11:04,stew,mstgc_wo_cheb,mstgc_wo_cheb,loso,48,0.8045138888888888,0.1023586832633221,0.8045138888888888,0.1023586832633221,0.8018179553316781,0.1053883878772985,0.8739148148148148,0.1022420738595635,0.8780048798798799,0.0239711544522628,0.7100277777777778,0.025509635998242,,128.0,outputs/cache/stew_loso_all_s1_128hz_1s.npz,outputs/stew_loso_mstgc_wo_cheb,30,64,0.001,0.0001,42,True,True,,,,,,0.2,0.125,0.2,,,,,,,,8.0,,,,,,,,,,,,,,,,,,,,,,,,,,,,,,,,,,,,,,,,,,,,,,,,,,64.0,64.0,128.0,16.0,4.0,3.0,0.5,0.0,2.0,2.0,False,,,,,,,,,,,,,,,,,,,,
2026-07-09 16:07:05,stew,mstgc_wo_spddsbn,mstgc_wo_spddsbn,loso,48,0.7724305555555556,0.1115180859364872,0.7724305555555556,0.1115180859364872,0.763787730841238,0.1272361419878729,0.8546999999999999,0.1483283342850348,0.8882826576576578,0.0258826900085358,0.7434652777777777,0.0196944436108526,,128.0,outputs/cache/stew_loso_all_s1_128hz_1s.npz,outputs/stew_loso_mstgc_wo_spddsbn,30,64,0.001,0.0001,42,False,True,,,,,,0.2,0.125,0.2,,,,,,,,8.0,,,,,,,,,,,,,,,,,,,,,,,,,,,,,,,,,,,,,,,,,,,,,,,,,,64.0,64.0,128.0,16.0,4.0,3.0,0.5,0.0,2.0,2.0,False,,,,,,,,,,,,,,,,,,,,
2026-07-09 16:07:59,eegmat,mstgc_dta_ce,mstgc_dta_ce,single_session,36,0.9108796296296298,0.1252587709510849,0.9108796296296297,0.1252587709510849,0.9035930870288164,0.1467517975757966,0.9484953703703703,0.1246951198148658,0.955753909948738,0.107281061046484,0.9305555555555556,0.1358395411961515,,250.0,outputs/cache/eegmat_single_session_all_s1_250hz_1s.npz,outputs/eegmat_single_session_mstgc_dta_ce,30,64,0.001,0.0001,42,False,True,,,,,,0.2,0.125,0.2,,,,,,,,8.0,,,,,,,,,,,,,,,,,,,,,,,,,,,,,,,,,,,,,,,,,,,,,,,,,,64.0,64.0,128.0,16.0,4.0,3.0,0.5,0.0,2.0,2.0,False,,,,,,,,,,,,,,,,,,,,
2026-07-09 16:08:55,eegmat,mstgc_dta_cheb_ce,mstgc_dta_cheb_ce,single_session,36,0.8877314814814815,0.1442755040741072,0.8877314814814815,0.1442755040741072,0.8748538719734371,0.1785153874418981,0.945601851851852,0.1132057035008158,0.9366939301923138,0.1334329433659855,0.9166666666666666,0.1568539913523867,,250.0,outputs/cache/eegmat_single_session_all_s1_250hz_1s.npz,outputs/eegmat_single_session_mstgc_dta_cheb_ce,30,64,0.001,0.0001,42,False,True,,,,,,0.2,0.125,0.2,,,,,,,,8.0,,,,,,,,,,,,,,,,,,,,,,,,,,,,,,,,,,,,,,,,,,,,,,,,,,64.0,64.0,128.0,16.0,4.0,3.0,0.5,0.0,2.0,2.0,False,,,,,,,,,,,,,,,,,,,,
2026-07-09 16:09:52,eegmat,mstgc_dta_cheb_eudsbn,mstgc_dta_cheb_eudsbn,single_session,36,0.8518518518518517,0.1780194290171265,0.8518518518518517,0.1780194290171265,0.8226440373904143,0.2364252127912191,0.9272762345679012,0.155419850378677,0.9022757697456492,0.1756747458957853,0.8912037037037037,0.1887925758188159,,250.0,outputs/cache/eegmat_single_session_all_s1_250hz_1s.npz,outputs/eegmat_single_session_mstgc_dta_cheb_eudsbn,30,64,0.001,0.0001,42,True,True,,,,,,0.2,0.125,0.2,,,,,,,,8.0,,,,,,,,,,,,,,,,,,,,,,,,,,,,,,,,,,,,,,,,,,,,,,,,,,64.0,64.0,128.0,16.0,4.0,3.0,0.5,0.0,2.0,2.0,False,,,,,,,,,,,,,,,,,,,,
2026-07-09 16:11:42,eegmat,mstgc_dta_cheb_spdbn,mstgc_dta_cheb_spdbn,single_session,36,0.9675925925925928,0.0913474480268766,0.9675925925925924,0.0913474480268766,0.962840827538895,0.1166388130459519,0.9866898148148148,0.0609118097499934,0.9884823848238482,0.0691056910569105,0.9814814814814814,0.0633430791721743,,250.0,outputs/cache/eegmat_single_session_all_s1_250hz_1s.npz,outputs/eegmat_single_session_mstgc_dta_cheb_spdbn,30,64,0.001,0.0001,42,False,True,,,,,,0.2,0.125,0.2,,,,,,,,8.0,,,,,,,,,,,,,,,,,,,,,,,,,,,,,,,,,,,,,,,,,,,,,,,,,,64.0,64.0,128.0,16.0,4.0,3.0,0.5,0.0,2.0,2.0,False,,,,,,,,,,,,,,,,,,,,
2026-07-09 16:13:34,eegmat,ms_tgc_spddsbn,ms_tgc_spddsbn,single_session,36,0.9733796296296297,0.0676657120635352,0.9733796296296297,0.0676657120635352,0.9728585260083328,0.0702188558379038,0.9890046296296297,0.0483232691127422,0.9942411924119242,0.0345528455284552,0.9837962962962964,0.062422791817345,,250.0,outputs/cache/eegmat_single_session_all_s1_250hz_1s.npz,outputs/eegmat_single_session_ms_tgc_spddsbn,30,64,0.001,0.0001,42,True,True,,,,,,0.2,0.125,0.2,,,,,,,,8.0,,,,,,,,,,,,,,,,,,,,,,,,,,,,,,,,,,,,,,,,,,,,,,,,,,64.0,64.0,128.0,16.0,4.0,3.0,0.5,0.0,2.0,2.0,False,,,,,,,,,,,,,,,,,,,,
2026-07-09 16:15:14,eegmat,mstgc_wo_dta,mstgc_wo_dta,single_session,36,0.9733796296296298,0.0615223357441381,0.9733796296296297,0.0615223357441381,0.9730743013472484,0.0624830272806822,0.9868827160493828,0.057043027755205,0.9993224932249324,0.0028330571237283,0.9652777777777778,0.1184807934337815,,250.0,outputs/cache/eegmat_single_session_all_s1_250hz_1s.npz,outputs/eegmat_single_session_mstgc_wo_dta,30,64,0.001,0.0001,42,True,True,,,,,,0.2,0.125,0.2,,,,,,,,8.0,,,,,,,,,,,,,,,,,,,,,,,,,,,,,,,,,,,,,,,,,,,,,,,,,,64.0,64.0,128.0,16.0,4.0,3.0,0.5,0.0,2.0,2.0,False,,,,,,,,,,,,,,,,,,,,
2026-07-09 16:17:10,eegmat,mstgc_wo_cheb,mstgc_wo_cheb,single_session,36,0.9780092592592592,0.0593333593424828,0.9780092592592592,0.0593333593424828,0.9779020697498958,0.0597208069125758,0.992091049382716,0.0333313812993984,0.999661246612466,0.0020325203252032,0.9861111111111112,0.0422577127364258,,250.0,outputs/cache/eegmat_single_session_all_s1_250hz_1s.npz,outputs/eegmat_single_session_mstgc_wo_cheb,30,64,0.001,0.0001,42,True,True,,,,,,0.2,0.125,0.2,,,,,,,,8.0,,,,,,,,,,,,,,,,,,,,,,,,,,,,,,,,,,,,,,,,,,,,,,,,,,64.0,64.0,128.0,16.0,4.0,3.0,0.5,0.0,2.0,2.0,False,,,,,,,,,,,,,,,,,,,,
2026-07-09 16:18:46,eegmat,mstgc_wo_spddsbn,mstgc_wo_spddsbn,single_session,36,0.9780092592592592,0.0686361691919092,0.9780092592592592,0.0686361691919092,0.977787301265562,0.0695989201122593,0.9897762345679012,0.0472305697311304,0.9908536585365854,0.047220257286718,0.9861111111111112,0.0580776710364308,,250.0,outputs/cache/eegmat_single_session_all_s1_250hz_1s.npz,outputs/eegmat_single_session_mstgc_wo_spddsbn,30,64,0.001,0.0001,42,False,True,,,,,,0.2,0.125,0.2,,,,,,,,8.0,,,,,,,,,,,,,,,,,,,,,,,,,,,,,,,,,,,,,,,,,,,,,,,,,,64.0,64.0,128.0,16.0,4.0,3.0,0.5,0.0,2.0,2.0,False,,,,,,,,,,,,,,,,,,,,
2026-07-09 16:30:09,eegmat,mstgc_dta_ce,mstgc_dta_ce,loso,36,0.6747337353020304,0.1605667372421935,0.6745580070134425,0.1602236669403044,0.6465496410719487,0.1870369925220076,0.7509684070394183,0.2168581972523601,0.7578492800703145,0.0204647801391498,0.7424433948642442,0.0359078085190937,,250.0,outputs/cache/eegmat_loso_all_s1_250hz_1s.npz,outputs/eegmat_loso_mstgc_dta_ce,30,64,0.001,0.0001,42,False,True,,,,,,0.2,0.125,0.2,,,,,,,,8.0,,,,,,,,,,,,,,,,,,,,,,,,,,,,,,,,,,,,,,,,,,,,,,,,,,64.0,64.0,128.0,16.0,4.0,3.0,0.5,0.0,2.0,2.0,False,,,,,,,,,,,,,,,,,,,,
2026-07-09 16:46:29,eegmat,mstgc_dta_cheb_ce,mstgc_dta_cheb_ce,loso,36,0.6617825096140151,0.1493621398649179,0.661742104465658,0.1491305615553518,0.6310526417105615,0.1780623681508971,0.7526792865337576,0.2057688729418546,0.7720421829226383,0.0215781538218047,0.7429469392208244,0.0325012128417232,,250.0,outputs/cache/eegmat_loso_all_s1_250hz_1s.npz,outputs/eegmat_loso_mstgc_dta_cheb_ce,30,64,0.001,0.0001,42,False,True,,,,,,0.2,0.125,0.2,,,,,,,,8.0,,,,,,,,,,,,,,,,,,,,,,,,,,,,,,,,,,,,,,,,,,,,,,,,,,64.0,64.0,128.0,16.0,4.0,3.0,0.5,0.0,2.0,2.0,False,,,,,,,,,,,,,,,,,,,,
2026-07-09 17:14:56,eegmat,mstgc_dta_cheb_eudsbn,mstgc_dta_cheb_eudsbn,loso,36,0.675671398502904,0.1638749807959936,0.6758589572915991,0.1638402217603257,0.6505794216415011,0.1877807965819922,0.7487514070177717,0.2078558004903106,0.729045310431246,0.0168923006397551,0.7356676213896803,0.0437082603948935,,250.0,outputs/cache/eegmat_loso_all_s1_250hz_1s.npz,outputs/eegmat_loso_mstgc_dta_cheb_eudsbn,30,64,0.001,0.0001,42,True,True,,,,,,0.2,0.125,0.2,,,,,,,,8.0,,,,,,,,,,,,,,,,,,,,,,,,,,,,,,,,,,,,,,,,,,,,,,,,,,64.0,64.0,128.0,16.0,4.0,3.0,0.5,0.0,2.0,2.0,False,,,,,,,,,,,,,,,,,,,,
2026-07-09 17:31:14,eegmat,mstgc_dta_cheb_spdbn,mstgc_dta_cheb_spdbn,loso,36,0.6911547104717592,0.1816837359011121,0.6920464261748598,0.1815104937015785,0.6549632816740643,0.2214742532496806,0.8050016775981125,0.2234432677982601,0.8318098152754605,0.0247914486274517,0.7508306074032637,0.0349642134818592,,250.0,outputs/cache/eegmat_loso_all_s1_250hz_1s.npz,outputs/eegmat_loso_mstgc_dta_cheb_spdbn,30,64,0.001,0.0001,42,False,True,,,,,,0.2,0.125,0.2,,,,,,,,8.0,,,,,,,,,,,,,,,,,,,,,,,,,,,,,,,,,,,,,,,,,,,,,,,,,,64.0,64.0,128.0,16.0,4.0,3.0,0.5,0.0,2.0,2.0,False,,,,,,,,,,,,,,,,,,,,
2026-07-09 18:38:19,eegmat,ms_tgc_spddsbn,ms_tgc_spddsbn,loso,36,0.7242993242494737,0.1936509067706958,0.7240789445202069,0.1937184528570532,0.7201535433593834,0.1977854268643669,0.7748438751434077,0.2243669258321126,0.8811299105740671,0.043982500554758,0.5332622147242958,0.0704467235831318,,250.0,outputs/cache/eegmat_loso_all_s1_250hz_1s.npz,outputs/eegmat_loso_ms_tgc_spddsbn,30,64,0.001,0.0001,42,True,True,,,,,,0.2,0.125,0.2,,,,,,,,8.0,,,,,,,,,,,,,,,,,,,,,,,,,,,,,,,,,,,,,,,,,,,,,,,,,,64.0,64.0,128.0,16.0,4.0,3.0,0.5,0.0,2.0,2.0,False,,,,,,,,,,,,,,,,,,,,
2026-07-09 19:46:19,eegmat,mstgc_wo_dta,mstgc_wo_dta,loso,36,0.7285366123850671,0.1904513072419938,0.7283684546615582,0.1902762336194967,0.7267673721044656,0.1928236125229733,0.7873118113730331,0.2148799593694835,0.8839676400029398,0.042286494346028,0.5310019104172616,0.0742757766520175,,250.0,outputs/cache/eegmat_loso_all_s1_250hz_1s.npz,outputs/eegmat_loso_mstgc_wo_dta,30,64,0.001,0.0001,42,True,True,,,,,,0.2,0.125,0.2,,,,,,,,8.0,,,,,,,,,,,,,,,,,,,,,,,,,,,,,,,,,,,,,,,,,,,,,,,,,,64.0,64.0,128.0,16.0,4.0,3.0,0.5,0.0,2.0,2.0,False,,,,,,,,,,,,,,,,,,,,
2026-07-09 20:47:59,eegmat,mstgc_wo_cheb,mstgc_wo_cheb,loso,36,0.7422257038408584,0.1968204964066781,0.7420636080264952,0.1966104411133002,0.7386615895721029,0.2012048065918437,0.7907742927029894,0.2281844881861024,0.8697777588048364,0.0364511690067222,0.5510986437041052,0.074977057745931,,250.0,outputs/cache/eegmat_loso_all_s1_250hz_1s.npz,outputs/eegmat_loso_mstgc_wo_cheb,30,64,0.001,0.0001,42,True,True,,,,,,0.2,0.125,0.2,,,,,,,,8.0,,,,,,,,,,,,,,,,,,,,,,,,,,,,,,,,,,,,,,,,,,,,,,,,,,64.0,64.0,128.0,16.0,4.0,3.0,0.5,0.0,2.0,2.0,False,,,,,,,,,,,,,,,,,,,,
2026-07-09 21:01:31,eegmat,mstgc_wo_spddsbn,mstgc_wo_spddsbn,loso,36,0.6746466948361265,0.1750665845545814,0.6745899354936469,0.1750108116444421,0.6381645243863746,0.2017164385456695,0.7967470831439271,0.2110131090440321,0.7705577965565209,0.0494559599823703,0.7381200276866436,0.0406294845628701,,250.0,outputs/cache/eegmat_loso_all_s1_250hz_1s.npz,outputs/eegmat_loso_mstgc_wo_spddsbn,30,64,0.001,0.0001,42,False,True,,,,,,0.2,0.125,0.2,,,,,,,,8.0,,,,,,,,,,,,,,,,,,,,,,,,,,,,,,,,,,,,,,,,,,,,,,,,,,64.0,64.0,128.0,16.0,4.0,3.0,0.5,0.0,2.0,2.0,False,,,,,,,,,,,,,,,,,,,,
2026-07-14 17:10:40,stew,ms_tgc_spddsbn,ms_tgc_spddsbn,single_session,48,0.8302083333333332,0.1321604552572597,0.8302083333333333,0.1321604552572597,0.8227860721069225,0.1495104616433762,0.8970370370370371,0.1182277263985872,0.9105158730158732,0.1075701637071002,0.8465277777777778,0.127855485673107,,128.0,outputs/cache/stew_single_session_all_s1_128hz_1s.npz,outputs/mstgc_v2/stew_single_session_ms_tgc_spddsbn,30,64,0.001,0.0001,42,False,True,,,,,,0.2,0.125,0.2,,,,,,,,8.0,,,,,,,,,,,,,,,,,,,,,,,,,,,,,,,,,,,,,,,,,,,,,,,,,,64.0,64.0,128.0,16.0,4.0,3.0,0.5,0.0,2.0,2.0,False,True,False,shared_channel_graph_spd_v2,4.0,64.0,16.0,adaptive,,,,,,,,,,,,,
2026-07-14 17:15:23,stew,mstgc_graph_prior,mstgc_graph_prior,single_session,48,0.8319444444444444,0.1356550229957866,0.8319444444444445,0.1356550229957866,0.8294070749674379,0.1393598493331699,0.8957407407407407,0.1267654074378985,0.9117063492063492,0.0913595142640373,0.8472222222222222,0.1261979632400061,,128.0,outputs/cache/stew_single_session_all_s1_128hz_1s.npz,outputs/mstgc_v2/stew_single_session_mstgc_graph_prior,30,64,0.001,0.0001,42,False,True,,,,,,0.2,0.125,0.2,,,,,,,,8.0,,,,,,,,,,,,,,,,,,,,,,,,,,,,,,,,,,,,,,,,,,,,,,,,,,64.0,64.0,128.0,16.0,4.0,3.0,0.5,0.0,2.0,2.0,False,True,False,shared_channel_graph_spd_v2,4.0,64.0,16.0,prior,,,,,,,,,,,,,
2026-07-14 17:20:01,stew,mstgc_graph_plv,mstgc_graph_plv,single_session,48,0.829861111111111,0.138249711260149,0.829861111111111,0.138249711260149,0.8249485514160625,0.1469178235353962,0.8972222222222221,0.1248280140710678,0.9069444444444444,0.1016815171220281,0.8361111111111112,0.1343636316135955,,128.0,outputs/cache/stew_single_session_all_s1_128hz_1s.npz,outputs/mstgc_v2/stew_single_session_mstgc_graph_plv,30,64,0.001,0.0001,42,False,True,,,,,,0.2,0.125,0.2,,,,,,,,8.0,,,,,,,,,,,,,,,,,,,,,,,,,,,,,,,,,,,,,,,,,,,,,,,,,,64.0,64.0,128.0,16.0,4.0,3.0,0.5,0.0,2.0,2.0,False,True,False,shared_channel_graph_spd_v2,4.0,64.0,16.0,plv,,,,,,,,,,,,,
2026-07-14 17:25:41,stew,mstgc_graph_multigraph,mstgc_graph_multigraph,single_session,48,0.8350694444444443,0.1297952371448983,0.8350694444444445,0.1297952371448983,0.830878215971274,0.1384155946869714,0.9006944444444445,0.1129480832220985,0.935813492063492,0.0812883521284738,0.8458333333333333,0.1223537869155541,,128.0,outputs/cache/stew_single_session_all_s1_128hz_1s.npz,outputs/mstgc_v2/stew_single_session_mstgc_graph_multigraph,30,64,0.001,0.0001,42,False,True,,,,,,0.2,0.125,0.2,,,,,,,,8.0,,,,,,,,,,,,,,,,,,,,,,,,,,,,,,,,,,,,,,,,,,,,,,,,,,64.0,64.0,128.0,16.0,4.0,3.0,0.5,0.0,2.0,2.0,False,True,False,shared_channel_graph_spd_v2,4.0,64.0,16.0,multigraph,,,,,,,,,,,,,
2026-07-14 17:27:20,eegmat,ms_tgc_spddsbn,ms_tgc_spddsbn,single_session,36,0.6886574074074074,0.1319444444444444,0.6886574074074074,0.1319444444444444,0.6640883283086898,0.1656191400983646,0.7826003086419753,0.1487734560934754,0.8203056126946813,0.1371803317162374,0.7129629629629629,0.1852116383222653,,250.0,outputs/cache/eegmat_single_session_all_s1_250hz_1s.npz,outputs/mstgc_v2/eegmat_single_session_ms_tgc_spddsbn,30,64,0.001,0.0001,42,False,True,,,,,,0.2,0.125,0.2,,,,,,,,8.0,,,,,,,,,,,,,,,,,,,,,,,,,,,,,,,,,,,,,,,,,,,,,,,,,,64.0,64.0,128.0,16.0,4.0,3.0,0.5,0.0,2.0,2.0,False,True,False,shared_channel_graph_spd_v2,4.0,64.0,31.0,adaptive,,,,,,,,,,,,,
2026-07-14 17:28:54,eegmat,mstgc_graph_prior,mstgc_graph_prior,single_session,36,0.675925925925926,0.1497720195775049,0.675925925925926,0.1497720195775048,0.6517949190086196,0.1763233139187012,0.7611882716049384,0.1698949723690856,0.8067799653900152,0.1385342959450262,0.6851851851851852,0.2022797755183998,,250.0,outputs/cache/eegmat_single_session_all_s1_250hz_1s.npz,outputs/mstgc_v2/eegmat_single_session_mstgc_graph_prior,30,64,0.001,0.0001,42,False,True,,,,,,0.2,0.125,0.2,,,,,,,,8.0,,,,,,,,,,,,,,,,,,,,,,,,,,,,,,,,,,,,,,,,,,,,,,,,,,64.0,64.0,128.0,16.0,4.0,3.0,0.5,0.0,2.0,2.0,False,True,False,shared_channel_graph_spd_v2,4.0,64.0,31.0,prior,,,,,,,,,,,,,
2026-07-14 17:30:31,eegmat,mstgc_graph_plv,mstgc_graph_plv,single_session,36,0.6666666666666667,0.1408590424547527,0.6666666666666667,0.1408590424547527,0.638272219556519,0.1700748351173875,0.7594521604938271,0.1716046978883462,0.8041842165409605,0.1389633855708553,0.6759259259259259,0.2207291108757679,,250.0,outputs/cache/eegmat_single_session_all_s1_250hz_1s.npz,outputs/mstgc_v2/eegmat_single_session_mstgc_graph_plv,30,64,0.001,0.0001,42,False,True,,,,,,0.2,0.125,0.2,,,,,,,,8.0,,,,,,,,,,,,,,,,,,,,,,,,,,,,,,,,,,,,,,,,,,,,,,,,,,64.0,64.0,128.0,16.0,4.0,3.0,0.5,0.0,2.0,2.0,False,True,False,shared_channel_graph_spd_v2,4.0,64.0,31.0,plv,,,,,,,,,,,,,
2026-07-14 17:32:24,eegmat,mstgc_graph_multigraph,mstgc_graph_multigraph,single_session,36,0.6956018518518519,0.1383073141208729,0.6956018518518517,0.1383073141208728,0.6729811979053982,0.1649593224553033,0.7719907407407406,0.1541380639847258,0.8395125216312403,0.1427998414305623,0.7083333333333335,0.1926218435255321,,250.0,outputs/cache/eegmat_single_session_all_s1_250hz_1s.npz,outputs/mstgc_v2/eegmat_single_session_mstgc_graph_multigraph,30,64,0.001,0.0001,42,False,True,,,,,,0.2,0.125,0.2,,,,,,,,8.0,,,,,,,,,,,,,,,,,,,,,,,,,,,,,,,,,,,,,,,,,,,,,,,,,,64.0,64.0,128.0,16.0,4.0,3.0,0.5,0.0,2.0,2.0,False,True,False,shared_channel_graph_spd_v2,4.0,64.0,31.0,multigraph,,,,,,,,,,,,,
2026-07-16 02:24:13,stew,mstgc_mean_ce,mstgc_mean_ce,single_session,48,0.8184027777777777,0.124969953047509,0.8184027777777777,0.124969953047509,0.8153616362824385,0.1291915079414252,0.8876851851851851,0.1196356067374576,0.862797619047619,0.0957869506463259,0.8368055555555557,0.1272066845065004,,128.0,outputs/cache/stew_single_session_all_s1_128hz_1s.npz,outputs/stew_single_session_mstgc_mean_ce,30,64,0.001,0.0001,42,False,True,,,,,,0.2,0.125,0.2,,,,,,,,8.0,,,,,,,,,,,,,,,,,,,,,,,,,,,,,,,,,,,,,,,,,,,,,,,,,,64.0,64.0,128.0,16.0,4.0,3.0,0.5,0.0,2.0,2.0,False,False,False,shared_channel_graph_augmented_spd_v3,4.0,64.0,16.0,adaptive,0.1,mean,,,,,,,,,,,
2026-07-16 02:29:57,stew,mstgc_cov_spddsbn,mstgc_cov_spddsbn,single_session,48,0.8277777777777778,0.138564633310282,0.8277777777777778,0.138564633310282,0.8258742879985518,0.1407914030724191,0.891574074074074,0.1205280896762894,0.9031746031746032,0.0898170053501739,0.8326388888888889,0.1276241496028856,,128.0,outputs/cache/stew_single_session_all_s1_128hz_1s.npz,outputs/stew_single_session_mstgc_cov_spddsbn,30,64,0.001,0.0001,42,False,True,,,,,,0.2,0.125,0.2,,,,,,,,8.0,,,,,,,,,,,,,,,,,,,,,,,,,,,,,,,,,,,,,,,,,,,,,,,,,,64.0,64.0,128.0,16.0,4.0,3.0,0.5,0.0,2.0,2.0,False,True,False,shared_channel_graph_augmented_spd_v3,4.0,64.0,16.0,adaptive,0.1,covariance,,,,,,,,,,,
2026-07-16 02:36:19,stew,ms_tgc_spddsbn,ms_tgc_spddsbn,single_session,48,0.8465277777777778,0.1244827754627877,0.8465277777777778,0.1244827754627877,0.844290297816448,0.127612865508598,0.9168055555555554,0.1038314148044268,0.925793650793651,0.0658865437784305,0.8472222222222222,0.1198567571644697,,128.0,outputs/cache/stew_single_session_all_s1_128hz_1s.npz,outputs/stew_single_session_ms_tgc_spddsbn,30,64,0.001,0.0001,42,False,True,,,,,,0.2,0.125,0.2,,,,,,,,8.0,,,,,,,,,,,,,,,,,,,,,,,,,,,,,,,,,,,,,,,,,,,,,,,,,,64.0,64.0,128.0,16.0,4.0,3.0,0.5,0.0,2.0,2.0,False,True,False,shared_channel_graph_augmented_spd_v3,4.0,64.0,16.0,adaptive,0.1,augmented,,,,,,,,,,,
2026-07-16 02:41:08,stew,mstgc_graph_prior,mstgc_graph_prior,single_session,48,0.8246527777777778,0.1241038602320954,0.8246527777777778,0.1241038602320954,0.8220179718243101,0.127937557404461,0.893773148148148,0.1130415610051933,0.8884920634920634,0.0866816588195914,0.8250000000000001,0.1265097946104874,,128.0,outputs/cache/stew_single_session_all_s1_128hz_1s.npz,outputs/stew_single_session_mstgc_graph_prior,30,64,0.001,0.0001,42,False,True,,,,,,0.2,0.125,0.2,,,,,,,,8.0,,,,,,,,,,,,,,,,,,,,,,,,,,,,,,,,,,,,,,,,,,,,,,,,,,64.0,64.0,128.0,16.0,4.0,3.0,0.5,0.0,2.0,2.0,False,True,False,shared_channel_graph_augmented_spd_v3,4.0,64.0,16.0,prior,0.1,augmented,,,,,,,,,,,
2026-07-16 02:45:52,stew,mstgc_graph_plv,mstgc_graph_plv,single_session,48,0.8156249999999999,0.1245040397343213,0.8156249999999999,0.1245040397343214,0.8132549164095803,0.1275864303360842,0.8944212962962963,0.1078688873229424,0.8814484126984127,0.0848330222202868,0.8277777777777778,0.1183682064952606,,128.0,outputs/cache/stew_single_session_all_s1_128hz_1s.npz,outputs/stew_single_session_mstgc_graph_plv,30,64,0.001,0.0001,42,False,True,,,,,,0.2,0.125,0.2,,,,,,,,8.0,,,,,,,,,,,,,,,,,,,,,,,,,,,,,,,,,,,,,,,,,,,,,,,,,,64.0,64.0,128.0,16.0,4.0,3.0,0.5,0.0,2.0,2.0,False,True,False,shared_channel_graph_augmented_spd_v3,4.0,64.0,16.0,plv,0.1,augmented,,,,,,,,,,,
2026-07-16 02:54:06,stew,mstgc_graph_multigraph,mstgc_graph_multigraph,single_session,48,0.8746527777777778,0.1002944591011823,0.8746527777777778,0.1002944591011823,0.873455571328953,0.1016361677761851,0.9459722222222222,0.0635238828153889,0.9615079365079364,0.0401645831654371,0.8770833333333333,0.1078823126402778,,128.0,outputs/cache/stew_single_session_all_s1_128hz_1s.npz,outputs/stew_single_session_mstgc_graph_multigraph,30,64,0.001,0.0001,42,False,True,,,,,,0.2,0.125,0.2,,,,,,,,8.0,,,,,,,,,,,,,,,,,,,,,,,,,,,,,,,,,,,,,,,,,,,,,,,,,,64.0,64.0,128.0,16.0,4.0,3.0,0.5,0.0,2.0,2.0,False,True,False,shared_channel_graph_augmented_spd_v3,4.0,64.0,16.0,multigraph,0.1,augmented,,,,,,,,,,,
2026-07-16 02:59:54,stew,mstgc_wo_channel_attention,mstgc_wo_channel_attention,single_session,48,0.8465277777777778,0.1364857102182299,0.8465277777777778,0.1364857102182299,0.8445957469138611,0.1391772963565395,0.9032407407407408,0.1333065050497956,0.9129960317460316,0.0841735874498324,0.8388888888888889,0.121910197025072,,128.0,outputs/cache/stew_single_session_all_s1_128hz_1s.npz,outputs/stew_single_session_mstgc_wo_channel_attention,30,64,0.001,0.0001,42,False,True,,,,,,0.2,0.125,0.2,,,,,,,,8.0,,,,,,,,,,,,,,,,,,,,,,,,,,,,,,,,,,,,,,,,,,,,,,,,,,64.0,64.0,128.0,16.0,4.0,3.0,0.5,0.0,2.0,2.0,False,True,False,shared_channel_graph_augmented_spd_v3,4.0,64.0,16.0,adaptive,0.1,augmented,,,,,,,,,,,
2026-07-16 04:16:30,stew,mstgc_mean_ce,mstgc_mean_ce,loso,48,0.7877777777777778,0.1009162125443415,0.7877777777777778,0.1009162125443415,0.7794527469232042,0.1123802501646453,0.8848546296296296,0.0801179384083946,0.8305855855855856,0.0132118263571294,0.7687569444444445,0.0146746818175393,,128.0,outputs/cache/stew_loso_all_s1_128hz_1s.npz,outputs/stew_loso_mstgc_mean_ce,30,64,0.001,0.0001,42,False,True,,,,,,0.2,0.125,0.2,,,,,,,,8.0,,,,,,,,,,,,,,,,,,,,,,,,,,,,,,,,,,,,,,,,,,,,,,,,,,64.0,64.0,128.0,16.0,4.0,3.0,0.5,0.0,2.0,2.0,False,False,False,shared_channel_graph_augmented_spd_v3,4.0,64.0,16.0,adaptive,0.1,mean,,,,,,,,,,,
2026-07-16 09:01:34,stew,mstgc_mean_ce,mstgc_mean_ce,single_session,48,0.8177083333333334,0.1248358851730957,0.8177083333333334,0.1248358851730957,0.8146285705665325,0.1290718390481074,0.887638888888889,0.1196182143536192,0.862797619047619,0.0953882112261893,0.8354166666666667,0.1281632842243356,,128.0,outputs/cache/stew_single_session_all_s1_128hz_1s.npz,outputs/stew_single_session_mstgc_mean_ce,30,64,0.001,0.0001,42,False,True,,,,,,0.2,0.125,0.2,,,,,,,,8.0,,,,,,,,,,,,,,,,,,,,,,,,,,,,,,,,,,,,,,,,,,,,,,,,,,64.0,64.0,128.0,16.0,4.0,3.0,0.5,0.0,2.0,2.0,False,False,False,shared_channel_graph_augmented_spd_v3,4.0,64.0,16.0,adaptive,0.1,mean,16.0,,,,,,,,,,
2026-07-16 09:06:53,stew,mstgc_cov_spddsbn,mstgc_cov_spddsbn,single_session,48,0.8277777777777778,0.1412680388001688,0.8277777777777778,0.1412680388001689,0.8265403303941703,0.1426463481448916,0.8917824074074074,0.1202260675008365,0.9026785714285716,0.0903182445275778,0.8229166666666666,0.1281171615834451,,128.0,outputs/cache/stew_single_session_all_s1_128hz_1s.npz,outputs/stew_single_session_mstgc_cov_spddsbn,30,64,0.001,0.0001,42,True,True,,,,,,0.2,0.125,0.2,,,,,,,,8.0,,,,,,,,,,,,,,,,,,,,,,,,,,,,,,,,,,,,,,,,,,,,,,,,,,64.0,64.0,128.0,16.0,4.0,3.0,0.5,0.0,2.0,2.0,False,True,False,shared_channel_graph_augmented_spd_v3,4.0,64.0,16.0,adaptive,0.1,covariance,16.0,,,,,,,,,,
2026-07-16 09:12:37,stew,ms_tgc_spddsbn,ms_tgc_spddsbn,single_session,48,0.8510416666666666,0.1225423287702071,0.8510416666666667,0.1225423287702071,0.8493968645012595,0.1247439570196112,0.9167824074074076,0.1034072131182962,0.9250000000000002,0.0651476976699845,0.84375,0.1169260035549347,,128.0,outputs/cache/stew_single_session_all_s1_128hz_1s.npz,outputs/stew_single_session_ms_tgc_spddsbn,30,64,0.001,0.0001,42,True,True,,,,,,0.2,0.125,0.2,,,,,,,,8.0,,,,,,,,,,,,,,,,,,,,,,,,,,,,,,,,,,,,,,,,,,,,,,,,,,64.0,64.0,128.0,16.0,4.0,3.0,0.5,0.0,2.0,2.0,False,True,False,shared_channel_graph_augmented_spd_v3,4.0,64.0,16.0,adaptive,0.1,augmented,16.0,,,,,,,,,,
2026-07-16 09:17:09,stew,mstgc_graph_prior,mstgc_graph_prior,single_session,48,0.8267361111111112,0.1249463044640055,0.8267361111111112,0.1249463044640055,0.8248719104282731,0.1275142993683888,0.8939583333333333,0.1130495000149847,0.8868055555555556,0.0882777735042348,0.8270833333333333,0.1237048745243592,,128.0,outputs/cache/stew_single_session_all_s1_128hz_1s.npz,outputs/stew_single_session_mstgc_graph_prior,30,64,0.001,0.0001,42,True,True,,,,,,0.2,0.125,0.2,,,,,,,,8.0,,,,,,,,,,,,,,,,,,,,,,,,,,,,,,,,,,,,,,,,,,,,,,,,,,64.0,64.0,128.0,16.0,4.0,3.0,0.5,0.0,2.0,2.0,False,True,False,shared_channel_graph_augmented_spd_v3,4.0,64.0,16.0,prior,0.1,augmented,16.0,,,,,,,,,,
2026-07-16 09:21:41,stew,mstgc_graph_plv,mstgc_graph_plv,single_session,48,0.8180555555555555,0.1244293514994689,0.8180555555555555,0.124429351499469,0.8161677192284124,0.1269141601124281,0.8939120370370371,0.1078877578765241,0.8799603174603176,0.0844152281910723,0.8270833333333334,0.1198218239868935,,128.0,outputs/cache/stew_single_session_all_s1_128hz_1s.npz,outputs/stew_single_session_mstgc_graph_plv,30,64,0.001,0.0001,42,True,True,,,,,,0.2,0.125,0.2,,,,,,,,8.0,,,,,,,,,,,,,,,,,,,,,,,,,,,,,,,,,,,,,,,,,,,,,,,,,,64.0,64.0,128.0,16.0,4.0,3.0,0.5,0.0,2.0,2.0,False,True,False,shared_channel_graph_augmented_spd_v3,4.0,64.0,16.0,plv,0.1,augmented,16.0,,,,,,,,,,
2026-07-16 09:29:54,stew,mstgc_graph_multigraph,mstgc_graph_multigraph,single_session,48,0.8826388888888888,0.0933965296010979,0.8826388888888889,0.0933965296010979,0.8819869095498878,0.0940365713214862,0.9467592592592592,0.0630558115754202,0.9609126984126984,0.0414197586188796,0.8798611111111111,0.107130989248527,,128.0,outputs/cache/stew_single_session_all_s1_128hz_1s.npz,outputs/stew_single_session_mstgc_graph_multigraph,30,64,0.001,0.0001,42,True,True,,,,,,0.2,0.125,0.2,,,,,,,,8.0,,,,,,,,,,,,,,,,,,,,,,,,,,,,,,,,,,,,,,,,,,,,,,,,,,64.0,64.0,128.0,16.0,4.0,3.0,0.5,0.0,2.0,2.0,False,True,False,shared_channel_graph_augmented_spd_v3,4.0,64.0,16.0,multigraph,0.1,augmented,16.0,,,,,,,,,,
2026-07-16 09:35:34,stew,mstgc_wo_channel_attention,mstgc_wo_channel_attention,single_session,48,0.8493055555555555,0.1370474859177471,0.8493055555555555,0.1370474859177471,0.847903250987026,0.1388886143561671,0.9028240740740742,0.1331710908751679,0.911309523809524,0.085700916440197,0.8381944444444445,0.1218435192515759,,128.0,outputs/cache/stew_single_session_all_s1_128hz_1s.npz,outputs/stew_single_session_mstgc_wo_channel_attention,30,64,0.001,0.0001,42,True,True,,,,,,0.2,0.125,0.2,,,,,,,,8.0,,,,,,,,,,,,,,,,,,,,,,,,,,,,,,,,,,,,,,,,,,,,,,,,,,64.0,64.0,128.0,16.0,4.0,3.0,0.5,0.0,2.0,2.0,False,True,False,shared_channel_graph_augmented_spd_v3,4.0,64.0,16.0,adaptive,0.1,augmented,16.0,,,,,,,,,,
2026-07-16 10:51:51,stew,mstgc_mean_ce,mstgc_mean_ce,loso,48,0.7892361111111111,0.1021916791275098,0.7892361111111111,0.1021916791275098,0.781608672169802,0.1130428220699877,0.8809870370370371,0.0867853313619443,0.8333183183183183,0.0117238304963866,0.7713333333333333,0.014290634073484,,128.0,outputs/cache/stew_loso_all_s1_128hz_1s.npz,outputs/stew_loso_mstgc_mean_ce,30,64,0.001,0.0001,42,False,True,,,,,,0.2,0.125,0.2,,,,,,,,8.0,,,,,,,,,,,,,,,,,,,,,,,,,,,,,,,,,,,,,,,,,,,,,,,,,,64.0,64.0,128.0,16.0,4.0,3.0,0.5,0.0,2.0,2.0,False,False,False,shared_channel_graph_augmented_spd_v3,4.0,64.0,16.0,adaptive,0.1,mean,16.0,,,,,,,,,,
2026-07-16 12:34:07,stew,mstgc_mean_ce,mstgc_mean_ce,loso,48,0.7892361111111111,0.1023442473061324,0.7892361111111111,0.1023442473061324,0.7821263637729508,0.1131257520528356,0.8816324074074074,0.0820561214035986,0.8358952702702703,0.0130318201100098,0.7700624999999999,0.0153510006527323,,128.0,outputs/cache/stew_loso_all_s1_128hz_1s.npz,outputs/stew_loso_mstgc_mean_ce,30,64,0.001,0.0001,42,False,True,,,,,,0.2,0.125,0.2,,,,,,,,8.0,,,,,,,,,,,,,,,,,,,,,,,,,,,,,,,,,,,,,,,,,,,,,,,,,,64.0,64.0,128.0,16.0,4.0,3.0,0.5,0.0,2.0,2.0,False,False,False,shared_channel_graph_augmented_spd_v3,4.0,64.0,16.0,adaptive,0.1,mean,16.0,,,,,,,,,,
2026-07-17 04:39:27,stew,ms_tgc_spddsbn,ms_tgc_spddsbn,loso,48,0.8289583333333334,0.0943189003569221,0.8289583333333334,0.0943189003569221,0.828402189245541,0.0949791108343555,0.8896861111111111,0.0958121441062396,0.6149380630630631,0.1109582380376013,0.5187083333333334,0.0562111278871466,,128.0,outputs/cache/stew_loso_all_s1_128hz_1s.npz,outputs/stew_loso_ms_tgc_spddsbn,30,64,0.001,0.0001,42,True,True,,,,,,0.2,0.125,0.2,,,,,,,,8.0,,,,,,,,,,,,,,,,,,,,,,,,,,,,,,,,,,,,,,,,,,,,,,,,,,64.0,64.0,128.0,16.0,4.0,3.0,0.5,0.0,2.0,2.0,False,True,True,shared_channel_graph_augmented_spd_v3,4.0,64.0,16.0,adaptive,0.1,augmented,16.0,target_only,,,,,,,,,
2026-07-17 18:42:25,stew,mstgc_graph_prior,mstgc_graph_prior,loso,48,0.774375,0.1053782026931418,0.774375,0.1053782026931418,0.773703719173873,0.1060371525415028,0.8388796296296297,0.1148411061435535,0.5029166666666667,0.0072421909475482,0.5000069444444445,4.811252243246351e-05,,128.0,outputs/cache/stew_loso_all_s1_128hz_1s.npz,outputs/stew_loso_mstgc_graph_prior,30,64,0.001,0.0001,42,True,True,,,,,,0.2,0.125,0.2,,,,,,,,8.0,,,,,,,,,,,,,,,,,,,,,,,,,,,,,,,,,,,,,,,,,,,,,,,,,,64.0,64.0,128.0,16.0,4.0,3.0,0.5,0.0,2.0,2.0,False,True,True,shared_channel_graph_augmented_spd_v3,4.0,64.0,16.0,prior,0.1,augmented,16.0,target_only,,,,,,,,,
2026-07-18 07:19:03,stew,mstgc_graph_plv,mstgc_graph_plv,loso,48,0.7729166666666667,0.1135888338167475,0.7729166666666667,0.1135888338167475,0.7721513379050388,0.1142204939163214,0.8361305555555555,0.124718861706874,0.5023367117117118,0.0055355992386901,0.5,0.0,,128.0,outputs/cache/stew_loso_all_s1_128hz_1s.npz,outputs/stew_loso_mstgc_graph_plv,30,64,0.001,0.0001,42,True,True,,,,,,0.2,0.125,0.2,,,,,,,,8.0,,,,,,,,,,,,,,,,,,,,,,,,,,,,,,,,,,,,,,,,,,,,,,,,,,64.0,64.0,128.0,16.0,4.0,3.0,0.5,0.0,2.0,2.0,False,True,True,shared_channel_graph_augmented_spd_v3,4.0,64.0,16.0,plv,0.1,augmented,16.0,target_only,,,,,,,,,
2026-07-18 21:34:47,stew,mstgc_graph_multigraph,mstgc_graph_multigraph,loso,48,0.7954861111111112,0.1020950504685768,0.7954861111111112,0.1020950504685768,0.794908814688352,0.1026121643890325,0.8566851851851851,0.1153752945101829,0.7498686186186188,0.0747917700058936,0.5727986111111111,0.0732318039779793,,128.0,outputs/cache/stew_loso_all_s1_128hz_1s.npz,outputs/stew_loso_mstgc_graph_multigraph,30,64,0.001,0.0001,42,True,True,,,,,,0.2,0.125,0.2,,,,,,,,8.0,,,,,,,,,,,,,,,,,,,,,,,,,,,,,,,,,,,,,,,,,,,,,,,,,,64.0,64.0,128.0,16.0,4.0,3.0,0.5,0.0,2.0,2.0,False,True,True,shared_channel_graph_augmented_spd_v3,4.0,64.0,16.0,multigraph,0.1,augmented,16.0,target_only,,,,,,,,,
2026-07-19 01:18:59,eegmat,ms_tgc_spddsbn,ms_tgc_spddsbn,loso,36,0.6906700533320672,0.1522621985345275,0.6902151384289024,0.1521728282384881,0.6894181886920573,0.1529387841538445,0.7457287540316471,0.1798406521916776,0.597238516302165,0.0910885140206113,0.5121953805521401,0.045983434959679,,250.0,outputs/cache/eegmat_loso_all_s1_250hz_1s.npz,outputs/eegmat_loso_ms_tgc_spddsbn,30,64,0.001,0.0001,42,True,True,,,,,,0.2,0.125,0.2,,,,,,,,8.0,,,,,,,,,,,,,,,,,,,,,,,,,,,,,,,,,,,,,,,,,,,,,,,,,,64.0,64.0,128.0,16.0,4.0,3.0,0.5,0.0,2.0,2.0,False,True,True,shared_channel_graph_augmented_spd_v3,4.0,64.0,31.0,adaptive,0.1,augmented,16.0,target_only,,,,,,,,,
2026-07-19 05:24:14,eegmat,mstgc_graph_prior,mstgc_graph_prior,loso,36,0.7431594106569182,0.1693852788169283,0.7429795224798146,0.1693799167747592,0.7424848573580287,0.1696757760147658,0.7955029547373205,0.2065613918444787,0.4921858447555924,0.000380683311757,0.4928046129729667,0.0001715128832568,,250.0,outputs/cache/eegmat_loso_all_s1_250hz_1s.npz,outputs/eegmat_loso_mstgc_graph_prior,30,64,0.001,0.0001,42,True,True,,,,,,0.2,0.125,0.2,,,,,,,,8.0,,,,,,,,,,,,,,,,,,,,,,,,,,,,,,,,,,,,,,,,,,,,,,,,,,64.0,64.0,128.0,16.0,4.0,3.0,0.5,0.0,2.0,2.0,False,True,True,shared_channel_graph_augmented_spd_v3,4.0,64.0,31.0,prior,0.1,augmented,16.0,target_only,,,,,,,,,
2026-07-19 09:30:53,eegmat,mstgc_graph_plv,mstgc_graph_plv,loso,36,0.7623755716976055,0.1744586585965186,0.7620321665909042,0.1745807712517296,0.7616162492277403,0.174700784130369,0.8121784152650605,0.2092835404702646,0.4926392985642601,0.0025909910591393,0.4928046129729667,0.0001715128832568,,250.0,outputs/cache/eegmat_loso_all_s1_250hz_1s.npz,outputs/eegmat_loso_mstgc_graph_plv,30,64,0.001,0.0001,42,True,True,,,,,,0.2,0.125,0.2,,,,,,,,8.0,,,,,,,,,,,,,,,,,,,,,,,,,,,,,,,,,,,,,,,,,,,,,,,,,,64.0,64.0,128.0,16.0,4.0,3.0,0.5,0.0,2.0,2.0,False,True,True,shared_channel_graph_augmented_spd_v3,4.0,64.0,31.0,plv,0.1,augmented,16.0,target_only,,,,,,,,,
2026-07-19 13:54:01,eegmat,mstgc_graph_multigraph,mstgc_graph_multigraph,loso,36,0.763507097754356,0.1683105424433672,0.7632604660475788,0.1684683940856312,0.7629693483940007,0.1686626844752955,0.8180471675649934,0.1981155587092616,0.5856541796069643,0.0717058238215543,0.4928046129729667,0.0001715128832568,,250.0,outputs/cache/eegmat_loso_all_s1_250hz_1s.npz,outputs/eegmat_loso_mstgc_graph_multigraph,30,64,0.001,0.0001,42,True,True,,,,,,0.2,0.125,0.2,,,,,,,,8.0,,,,,,,,,,,,,,,,,,,,,,,,,,,,,,,,,,,,,,,,,,,,,,,,,,64.0,64.0,128.0,16.0,4.0,3.0,0.5,0.0,2.0,2.0,False,True,True,shared_channel_graph_augmented_spd_v3,4.0,64.0,31.0,multigraph,0.1,augmented,16.0,target_only,,,,,,,,,
2026-07-20 23:08:00,stew,mstgc_wo_cheb,mstgc_wo_cheb,single_session,48,0.7802083333333334,0.1229876432894429,0.7802083333333334,0.1229876432894429,0.7785982421873348,0.1245317279620158,0.8572453703703703,0.1258233695914521,0.6115079365079366,0.1609208836327585,0.5930555555555556,0.1463436696996167,,128.0,outputs/cache/stew_single_session_all_s1_128hz_1s.npz,outputs/stew_single_session_mstgc_wo_cheb,30,64,0.001,0.0001,42,True,True,,,,,,0.2,0.125,0.2,,,,,,,,8.0,,,,,,,,,,,,,,,,,,,,,,,,,,,,,,,,,,,,,,,,,,,,,,,,,,64.0,64.0,128.0,16.0,4.0,3.0,0.5,0.0,2.0,2.0,False,True,False,shared_channel_graph_augmented_spd_v3,4.0,64.0,16.0,none,0.1,augmented,16.0,target_only,,,,,,,,,
2026-07-20 23:12:58,stew,mstgc_graph_correlation,mstgc_graph_correlation,single_session,48,0.8434027777777778,0.1144283553266325,0.8434027777777778,0.1144283553266325,0.8429205529313767,0.1146838520066202,0.903148148148148,0.0982840250707075,0.6677579365079366,0.1939904773079871,0.6319444444444444,0.1630034783793002,,128.0,outputs/cache/stew_single_session_all_s1_128hz_1s.npz,outputs/stew_single_session_mstgc_graph_correlation,30,64,0.001,0.0001,42,True,True,,,,,,0.2,0.125,0.2,,,,,,,,8.0,,,,,,,,,,,,,,,,,,,,,,,,,,,,,,,,,,,,,,,,,,,,,,,,,,64.0,64.0,128.0,16.0,4.0,3.0,0.5,0.0,2.0,2.0,False,True,False,shared_channel_graph_augmented_spd_v3,4.0,64.0,16.0,correlation,0.1,augmented,16.0,target_only,,,,,,,,,
2026-07-20 23:18:39,stew,mstgc_wo_channel_attention,mstgc_wo_channel_attention,single_session,48,0.8482638888888889,0.1386032819934427,0.8482638888888889,0.1386032819934428,0.84751119510668,0.1399518464422547,0.9017361111111112,0.1331543136752555,0.6995039682539682,0.1871808139148543,0.6868055555555556,0.1809796800805241,,128.0,outputs/cache/stew_single_session_all_s1_128hz_1s.npz,outputs/stew_single_session_mstgc_wo_channel_attention,30,64,0.001,0.0001,42,True,True,,,,,,0.2,0.125,0.2,,,,,,,,8.0,,,,,,,,,,,,,,,,,,,,,,,,,,,,,,,,,,,,,,,,,,,,,,,,,,64.0,64.0,128.0,16.0,4.0,3.0,0.5,0.0,2.0,2.0,False,True,False,shared_channel_graph_augmented_spd_v3,4.0,64.0,16.0,adaptive,0.1,augmented,16.0,target_only,,,,,,,,,
2026-07-21 12:32:03,stew,mstgc_wo_cheb,mstgc_wo_cheb,loso,48,0.7129166666666666,0.1631800192306733,0.7129166666666666,0.1631800192306733,0.7120061911201369,0.1637828801195656,0.7628212962962962,0.1910646835660383,0.518231981981982,0.0403574320908821,0.6900902777777778,0.0236744807381084,,128.0,outputs/cache/stew_loso_all_s1_128hz_1s.npz,outputs/stew_loso_mstgc_wo_cheb,30,64,0.001,0.0001,42,True,True,,,,,,0.2,0.125,0.2,,,,,,,,8.0,,,,,,,,,,,,,,,,,,,,,,,,,,,,,,,,,,,,,,,,,,,,,,,,,,64.0,64.0,128.0,16.0,4.0,3.0,0.5,0.0,2.0,2.0,False,True,True,shared_channel_graph_augmented_spd_v3,4.0,64.0,16.0,none,0.1,augmented,16.0,target_only,,,,,,,,,
2026-07-22 02:11:53,stew,mstgc_graph_correlation,mstgc_graph_correlation,loso,48,0.7864583333333334,0.1056632911065638,0.7864583333333334,0.1056632911065638,0.7859548027000792,0.1062100967543734,0.8506194444444445,0.1101754012529104,0.5251013513513514,0.0471935520732624,0.7767638888888889,0.0269564010418972,,128.0,outputs/cache/stew_loso_all_s1_128hz_1s.npz,outputs/stew_loso_mstgc_graph_correlation,30,64,0.001,0.0001,42,True,True,,,,,,0.2,0.125,0.2,,,,,,,,8.0,,,,,,,,,,,,,,,,,,,,,,,,,,,,,,,,,,,,,,,,,,,,,,,,,,64.0,64.0,128.0,16.0,4.0,3.0,0.5,0.0,2.0,2.0,False,True,True,shared_channel_graph_augmented_spd_v3,4.0,64.0,16.0,correlation,0.1,augmented,16.0,target_only,,,,,,,,,
2026-07-22 17:50:58,stew,mstgc_wo_channel_attention,mstgc_wo_channel_attention,loso,48,0.821875,0.0946735244993802,0.821875,0.0946735244993802,0.8211215284952923,0.0955748032624511,0.8854944444444444,0.0916002088198738,0.6249718468468468,0.1197183338377478,0.819201388888889,0.0173808322977721,,128.0,outputs/cache/stew_loso_all_s1_128hz_1s.npz,outputs/stew_loso_mstgc_wo_channel_attention,30,64,0.001,0.0001,42,True,True,,,,,,0.2,0.125,0.2,,,,,,,,8.0,,,,,,,,,,,,,,,,,,,,,,,,,,,,,,,,,,,,,,,,,,,,,,,,,,64.0,64.0,128.0,16.0,4.0,3.0,0.5,0.0,2.0,2.0,False,True,True,shared_channel_graph_augmented_spd_v3,4.0,64.0,16.0,adaptive,0.1,augmented,16.0,target_only,,,,,,,,,
2026-07-22 17:53:20,eegmat,mstgc_wo_cheb,mstgc_wo_cheb,single_session,36,0.7037037037037037,0.1489972361047111,0.7037037037037037,0.1489972361047111,0.6997808854650829,0.1518331704807612,0.7608024691358025,0.1645571227240918,0.6638505240474092,0.1606943598017119,0.6319444444444444,0.1560613941055209,,250.0,outputs/cache/eegmat_single_session_all_s1_250hz_1s.npz,outputs/eegmat_single_session_mstgc_wo_cheb,30,64,0.001,0.0001,42,True,True,,,,,,0.2,0.125,0.2,,,,,,,,8.0,,,,,,,,,,,,,,,,,,,,,,,,,,,,,,,,,,,,,,,,,,,,,,,,,,64.0,64.0,128.0,16.0,4.0,3.0,0.5,0.0,2.0,2.0,False,True,False,shared_channel_graph_augmented_spd_v3,4.0,64.0,31.0,none,0.1,augmented,16.0,target_only,,,,,,,,,
2026-07-22 17:55:47,eegmat,mstgc_graph_correlation,mstgc_graph_correlation,single_session,36,0.7407407407407406,0.1633937907761415,0.7407407407407407,0.1633937907761415,0.7394319515696327,0.1640266369559782,0.7997685185185185,0.1649590096591419,0.6985788683188036,0.2009277631300682,0.6527777777777778,0.2006932429798715,,250.0,outputs/cache/eegmat_single_session_all_s1_250hz_1s.npz,outputs/eegmat_single_session_mstgc_graph_correlation,30,64,0.001,0.0001,42,True,True,,,,,,0.2,0.125,0.2,,,,,,,,8.0,,,,,,,,,,,,,,,,,,,,,,,,,,,,,,,,,,,,,,,,,,,,,,,,,,64.0,64.0,128.0,16.0,4.0,3.0,0.5,0.0,2.0,2.0,False,True,False,shared_channel_graph_augmented_spd_v3,4.0,64.0,31.0,correlation,0.1,augmented,16.0,target_only,,,,,,,,,
2026-07-22 17:57:59,eegmat,mstgc_wo_channel_attention,mstgc_wo_channel_attention,single_session,36,0.7349537037037037,0.1584751175256846,0.7349537037037037,0.1584751175256845,0.730947953997723,0.162500662348364,0.7812500000000001,0.1831731804090435,0.6070134195317858,0.1564480573110753,0.5648148148148149,0.1197071676904631,,250.0,outputs/cache/eegmat_single_session_all_s1_250hz_1s.npz,outputs/eegmat_single_session_mstgc_wo_channel_attention,30,64,0.001,0.0001,42,True,True,,,,,,0.2,0.125,0.2,,,,,,,,8.0,,,,,,,,,,,,,,,,,,,,,,,,,,,,,,,,,,,,,,,,,,,,,,,,,,64.0,64.0,128.0,16.0,4.0,3.0,0.5,0.0,2.0,2.0,False,True,False,shared_channel_graph_augmented_spd_v3,4.0,64.0,31.0,adaptive,0.1,augmented,16.0,target_only,,,,,,,,,
2026-07-22 21:37:52,eegmat,mstgc_wo_cheb,mstgc_wo_cheb,loso,36,0.6932674199623351,0.1623499879580225,0.6931071011104617,0.1623713300546156,0.6926422553877917,0.162514179850637,0.751208005931121,0.1930399775949766,0.6305572588544219,0.0785513392481662,0.7478767206219524,0.0217259100827821,,250.0,outputs/cache/eegmat_loso_all_s1_250hz_1s.npz,outputs/eegmat_loso_mstgc_wo_cheb,30,64,0.001,0.0001,42,True,True,,,,,,0.2,0.125,0.2,,,,,,,,8.0,,,,,,,,,,,,,,,,,,,,,,,,,,,,,,,,,,,,,,,,,,,,,,,,,,64.0,64.0,128.0,16.0,4.0,3.0,0.5,0.0,2.0,2.0,False,True,True,shared_channel_graph_augmented_spd_v3,4.0,64.0,31.0,none,0.1,augmented,16.0,target_only,,,,,,,,,
2026-07-23 01:58:15,eegmat,mstgc_graph_correlation,mstgc_graph_correlation,loso,36,0.7656237636297456,0.1903405348403202,0.7653318938459207,0.1904192632672928,0.7650272225873516,0.1905466187240497,0.8125377459575298,0.2211176741934725,0.4929248067999996,0.0035544155643792,0.8185553606612679,0.0176114123283976,,250.0,outputs/cache/eegmat_loso_all_s1_250hz_1s.npz,outputs/eegmat_loso_mstgc_graph_correlation,30,64,0.001,0.0001,42,True,True,,,,,,0.2,0.125,0.2,,,,,,,,8.0,,,,,,,,,,,,,,,,,,,,,,,,,,,,,,,,,,,,,,,,,,,,,,,,,,64.0,64.0,128.0,16.0,4.0,3.0,0.5,0.0,2.0,2.0,False,True,True,shared_channel_graph_augmented_spd_v3,4.0,64.0,31.0,correlation,0.1,augmented,16.0,target_only,,,,,,,,,
2026-07-23 05:30:34,eegmat,mstgc_wo_channel_attention,mstgc_wo_channel_attention,loso,36,0.6655252496478817,0.1472912919521063,0.6647767982769444,0.1472987546131369,0.6637418612268189,0.147636085837181,0.7237297605905144,0.1789481179180428,0.5988274442866888,0.0781214631058848,0.7440534984819613,0.0222740053258301,,250.0,outputs/cache/eegmat_loso_all_s1_250hz_1s.npz,outputs/eegmat_loso_mstgc_wo_channel_attention,30,64,0.001,0.0001,42,True,True,,,,,,0.2,0.125,0.2,,,,,,,,8.0,,,,,,,,,,,,,,,,,,,,,,,,,,,,,,,,,,,,,,,,,,,,,,,,,,64.0,64.0,128.0,16.0,4.0,3.0,0.5,0.0,2.0,2.0,False,True,True,shared_channel_graph_augmented_spd_v3,4.0,64.0,31.0,adaptive,0.1,augmented,16.0,target_only,,,,,,,,,
2026-07-23 08:42:21,eegmat,mstgc_wo_dta,mstgc_wo_dta,single_session,36,0.730324074074074,0.1592037824810108,0.730324074074074,0.1592037824810108,0.7279899655571689,0.1612489681813844,0.7899305555555555,0.1715101044812038,0.6600875044895027,0.1946701343933422,0.6319444444444444,0.1694704637842184,,250.0,outputs/cache/eegmat_single_session_all_s1_250hz_1s.npz,outputs/eegmat_single_session_mstgc_wo_dta,30,64,0.001,0.0001,42,True,True,,,,,,0.2,0.125,0.2,,,,,,,,8.0,,,,,,,,,,,,,,,,,,,,,,,,,,,,,,,,,,,,,,,,,,,,,,,,,,64.0,64.0,128.0,16.0,4.0,3.0,0.5,0.0,2.0,2.0,False,True,False,shared_channel_graph_augmented_spd_v3,4.0,64.0,31.0,adaptive,0.1,augmented,16.0,target_only,single,31.0,43877.0,,,,,,
2026-07-23 08:44:36,eegmat,mstgc_temporal_multiscale,mstgc_temporal_multiscale,single_session,36,0.7627314814814814,0.1561628945917253,0.7627314814814814,0.1561628945917253,0.759247917396146,0.1611176147283971,0.8136574074074072,0.1729750252130135,0.6962973846605935,0.1810315274275731,0.6689814814814815,0.1926075365590085,,250.0,outputs/cache/eegmat_single_session_all_s1_250hz_1s.npz,outputs/eegmat_single_session_mstgc_temporal_multiscale,30,64,0.001,0.0001,42,True,True,,,,,,0.2,0.125,0.2,,,,,,,,8.0,,,,,,,,,,,,,,,,,,,,,,,,,,,,,,,,,,,,,,,,,,,,,,,,,,64.0,64.0,128.0,16.0,4.0,3.0,0.5,0.0,2.0,2.0,False,True,False,shared_channel_graph_augmented_spd_v3,4.0,64.0,31.0,adaptive,0.1,augmented,16.0,target_only,mean,"31,15,7",45669.0,,,,,,
2026-07-23 08:46:58,eegmat,mstgc_temporal_dta,mstgc_temporal_dta,single_session,36,0.7407407407407407,0.1742646429567181,0.7407407407407408,0.1742646429567181,0.7375681118405809,0.1777417162381069,0.7912808641975309,0.1941320083718941,0.7014807196264734,0.1961244958374027,0.6597222222222221,0.1774768037604235,,250.0,outputs/cache/eegmat_single_session_all_s1_250hz_1s.npz,outputs/eegmat_single_session_mstgc_temporal_dta,30,64,0.001,0.0001,42,True,True,,,,,,0.2,0.125,0.2,,,,,,,,8.0,,,,,,,,,,,,,,,,,,,,,,,,,,,,,,,,,,,,,,,,,,,,,,,,,,64.0,64.0,128.0,16.0,4.0,3.0,0.5,0.0,2.0,2.0,False,True,False,shared_channel_graph_augmented_spd_v3,4.0,64.0,31.0,adaptive,0.1,augmented,16.0,target_only,dta,"31,15,7",66534.0,,,,,,
2026-07-23 12:49:43,eegmat,mstgc_wo_dta,mstgc_wo_dta,loso,36,0.7844838500371901,0.1428248227894993,0.784321222157283,0.1429102023817839,0.7840474922278036,0.1433416421657465,0.8357512392579605,0.1599316655824344,0.7000674712534546,0.0809727944751661,0.8460280495614232,0.0206378780053629,,250.0,outputs/cache/eegmat_loso_all_s1_250hz_1s.npz,outputs/eegmat_loso_mstgc_wo_dta,30,64,0.001,0.0001,42,True,True,,,,,,0.2,0.125,0.2,,,,,,,,8.0,,,,,,,,,,,,,,,,,,,,,,,,,,,,,,,,,,,,,,,,,,,,,,,,,,64.0,64.0,128.0,16.0,4.0,3.0,0.5,0.0,2.0,2.0,False,True,True,shared_channel_graph_augmented_spd_v3,4.0,64.0,31.0,adaptive,0.1,augmented,16.0,target_only,single,31,43877.0,,,,,,
2026-07-23 16:36:22,eegmat,mstgc_temporal_multiscale,mstgc_temporal_multiscale,loso,36,0.7010516070835114,0.1585206127311865,0.7006157055652964,0.1585879001640475,0.700119085756458,0.1588813227517342,0.7537713487888823,0.1950124166764297,0.5892117127768053,0.0885983721622314,0.7729723143275791,0.0386944413273122,,250.0,outputs/cache/eegmat_loso_all_s1_250hz_1s.npz,outputs/eegmat_loso_mstgc_temporal_multiscale,30,64,0.001,0.0001,42,True,True,,,,,,0.2,0.125,0.2,,,,,,,,8.0,,,,,,,,,,,,,,,,,,,,,,,,,,,,,,,,,,,,,,,,,,,,,,,,,,64.0,64.0,128.0,16.0,4.0,3.0,0.5,0.0,2.0,2.0,False,True,True,shared_channel_graph_augmented_spd_v3,4.0,64.0,31.0,adaptive,0.1,augmented,16.0,target_only,mean,"31,15,7",45669.0,,,,,,
2026-07-23 20:18:05,eegmat,mstgc_temporal_dta,mstgc_temporal_dta,loso,36,0.702198958679517,0.1602211063623622,0.7017329317921078,0.1603446411273087,0.7010881415627733,0.1607916928230493,0.7533228618741477,0.1936196774512067,0.5894322579860137,0.0941305582339503,0.7730048506662988,0.0387367537636814,,250.0,outputs/cache/eegmat_loso_all_s1_250hz_1s.npz,outputs/eegmat_loso_mstgc_temporal_dta,30,64,0.001,0.0001,42,True,True,,,,,,0.2,0.125,0.2,,,,,,,,8.0,,,,,,,,,,,,,,,,,,,,,,,,,,,,,,,,,,,,,,,,,,,,,,,,,,64.0,64.0,128.0,16.0,4.0,3.0,0.5,0.0,2.0,2.0,False,True,True,shared_channel_graph_augmented_spd_v3,4.0,64.0,31.0,adaptive,0.1,augmented,16.0,target_only,dta,"31,15,7",66534.0,,,,,,
2026-07-23 23:34:39,stew,ms_tgc_spddsbn_chebk1,ms_tgc_spddsbn,single_session,48,0.8149305555555556,0.1272197510264087,0.8149305555555556,0.1272197510264087,0.8141946979384898,0.1278939397435569,0.8764120370370371,0.1289608586021221,0.6753968253968253,0.1707725072253713,0.6604166666666667,0.1693620696563958,,128.0,outputs/cache/stew_single_session_all_s1_128hz_1s.npz,outputs/stew_single_session_ms_tgc_spddsbn_chebk1,30,64,0.001,0.0001,42,True,True,,,,,,0.2,0.125,0.2,,,,,,,,8.0,,,,,,,,,,,,,,,,,,,,,,,,,,,,,,,,,,,,,,,,,,,,,,,,,,64.0,64.0,128.0,16.0,4.0,1.0,0.5,0.0,2.0,2.0,False,True,False,shared_channel_graph_augmented_spd_v3,4.0,64.0,16.0,adaptive,0.1,augmented,16.0,target_only,dta_gate,"17,9,5",65025.0,,,,,,
2026-07-23 23:39:21,stew,ms_tgc_spddsbn_chebk2,ms_tgc_spddsbn,single_session,48,0.8357638888888888,0.1199383994438416,0.8357638888888888,0.1199383994438416,0.8350907601446927,0.1206484808565599,0.8919444444444445,0.1126716651336179,0.6533730158730159,0.1915797775030023,0.6270833333333333,0.1612094140467763,,128.0,outputs/cache/stew_single_session_all_s1_128hz_1s.npz,outputs/stew_single_session_ms_tgc_spddsbn_chebk2,30,64,0.001,0.0001,42,True,True,,,,,,0.2,0.125,0.2,,,,,,,,8.0,,,,,,,,,,,,,,,,,,,,,,,,,,,,,,,,,,,,,,,,,,,,,,,,,,64.0,64.0,128.0,16.0,4.0,2.0,0.5,0.0,2.0,2.0,False,True,False,shared_channel_graph_augmented_spd_v3,4.0,64.0,16.0,adaptive,0.1,augmented,16.0,target_only,dta_gate,"17,9,5",69121.0,,,,,,
2026-07-23 23:45:17,stew,ms_tgc_spddsbn_chebk3,ms_tgc_spddsbn,single_session,48,0.8562500000000001,0.1201666002695048,0.8562500000000002,0.1201666002695048,0.855654582593167,0.1210201102152951,0.91625,0.1045436441035925,0.7370039682539682,0.1840015050233414,0.7055555555555556,0.1704303180241486,,128.0,outputs/cache/stew_single_session_all_s1_128hz_1s.npz,outputs/stew_single_session_ms_tgc_spddsbn_chebk3,30,64,0.001,0.0001,42,True,True,,,,,,0.2,0.125,0.2,,,,,,,,8.0,,,,,,,,,,,,,,,,,,,,,,,,,,,,,,,,,,,,,,,,,,,,,,,,,,64.0,64.0,128.0,16.0,4.0,3.0,0.5,0.0,2.0,2.0,False,True,False,shared_channel_graph_augmented_spd_v3,4.0,64.0,16.0,adaptive,0.1,augmented,16.0,target_only,dta_gate,"17,9,5",73217.0,,,,,,
2026-07-23 23:51:10,stew,ms_tgc_spddsbn_chebk4,ms_tgc_spddsbn,single_session,48,0.8614583333333333,0.1270764298787657,0.8614583333333333,0.1270764298787657,0.8611157179178616,0.127319858423408,0.9162962962962964,0.1131694298359774,0.7514880952380952,0.1821314337757203,0.7319444444444444,0.1735402928847682,,128.0,outputs/cache/stew_single_session_all_s1_128hz_1s.npz,outputs/stew_single_session_ms_tgc_spddsbn_chebk4,30,64,0.001,0.0001,42,True,True,,,,,,0.2,0.125,0.2,,,,,,,,8.0,,,,,,,,,,,,,,,,,,,,,,,,,,,,,,,,,,,,,,,,,,,,,,,,,,64.0,64.0,128.0,16.0,4.0,4.0,0.5,0.0,2.0,2.0,False,True,False,shared_channel_graph_augmented_spd_v3,4.0,64.0,16.0,adaptive,0.1,augmented,16.0,target_only,dta_gate,"17,9,5",77313.0,,,,,,
2026-07-24 14:24:21,stew,ms_tgc_spddsbn_chebk1,ms_tgc_spddsbn,loso,48,0.7147916666666667,0.1509401682692951,0.7147916666666667,0.150940168269295,0.7142948345731588,0.1511266279991022,0.7701416666666668,0.1730362387285321,0.6056418918918919,0.0861272401647304,0.6972569444444444,0.0186679634280239,,128.0,outputs/cache/stew_loso_all_s1_128hz_1s.npz,outputs/stew_loso_ms_tgc_spddsbn_chebk1,30,64,0.001,0.0001,42,True,True,,,,,,0.2,0.125,0.2,,,,,,,,8.0,,,,,,,,,,,,,,,,,,,,,,,,,,,,,,,,,,,,,,,,,,,,,,,,,,64.0,64.0,128.0,16.0,4.0,1.0,0.5,0.0,2.0,2.0,False,True,True,shared_channel_graph_augmented_spd_v3,4.0,64.0,16.0,adaptive,0.1,augmented,16.0,target_only,dta_gate,"17,9,5",65025.0,,,,,,
2026-07-25 05:04:25,stew,ms_tgc_spddsbn_chebk2,ms_tgc_spddsbn,loso,48,0.8077083333333333,0.095425279892454,0.8077083333333333,0.095425279892454,0.8072661081204523,0.0959361341332574,0.8701287037037039,0.0958576636078615,0.6862237237237238,0.1184699134771998,0.8092361111111112,0.0150411505415599,,128.0,outputs/cache/stew_loso_all_s1_128hz_1s.npz,outputs/stew_loso_ms_tgc_spddsbn_chebk2,30,64,0.001,0.0001,42,True,True,,,,,,0.2,0.125,0.2,,,,,,,,8.0,,,,,,,,,,,,,,,,,,,,,,,,,,,,,,,,,,,,,,,,,,,,,,,,,,64.0,64.0,128.0,16.0,4.0,2.0,0.5,0.0,2.0,2.0,False,True,True,shared_channel_graph_augmented_spd_v3,4.0,64.0,16.0,adaptive,0.1,augmented,16.0,target_only,dta_gate,"17,9,5",69121.0,,,,,,
2026-07-25 18:31:06,stew,ms_tgc_spddsbn_chebk3,ms_tgc_spddsbn,loso,48,0.8230555555555555,0.0982827333048824,0.8230555555555555,0.0982827333048824,0.8224901612943815,0.0988856043070129,0.8842472222222222,0.0987270119409449,0.6224192942942942,0.1303163729220542,0.8164444444444445,0.0147775200389902,,128.0,outputs/cache/stew_loso_all_s1_128hz_1s.npz,outputs/stew_loso_ms_tgc_spddsbn_chebk3,30,64,0.001,0.0001,42,True,True,,,,,,0.2,0.125,0.2,,,,,,,,8.0,,,,,,,,,,,,,,,,,,,,,,,,,,,,,,,,,,,,,,,,,,,,,,,,,,64.0,64.0,128.0,16.0,4.0,3.0,0.5,0.0,2.0,2.0,False,True,True,shared_channel_graph_augmented_spd_v3,4.0,64.0,16.0,adaptive,0.1,augmented,16.0,target_only,dta_gate,"17,9,5",73217.0,,,,,,
2026-07-26 08:19:01,stew,ms_tgc_spddsbn_chebk4,ms_tgc_spddsbn,loso,48,0.815486111111111,0.095371587780183,0.815486111111111,0.095371587780183,0.8148873292108562,0.095929971297345,0.879650925925926,0.0898076461747207,0.6476933183183183,0.1179144424754456,0.8159652777777776,0.0156338481645382,,128.0,outputs/cache/stew_loso_all_s1_128hz_1s.npz,outputs/stew_loso_ms_tgc_spddsbn_chebk4,30,64,0.001,0.0001,42,True,True,,,,,,0.2,0.125,0.2,,,,,,,,8.0,,,,,,,,,,,,,,,,,,,,,,,,,,,,,,,,,,,,,,,,,,,,,,,,,,64.0,64.0,128.0,16.0,4.0,4.0,0.5,0.0,2.0,2.0,False,True,True,shared_channel_graph_augmented_spd_v3,4.0,64.0,16.0,adaptive,0.1,augmented,16.0,target_only,dta_gate,"17,9,5",77313.0,,,,,,
2026-07-26 08:21:24,eegmat,ms_tgc_spddsbn_chebk1,ms_tgc_spddsbn,single_session,36,0.7002314814814814,0.1486778517988482,0.7002314814814815,0.1486778517988482,0.6968712765606644,0.1518825118925579,0.763695987654321,0.1660246074524418,0.6925751787638358,0.1733107893938506,0.6226851851851852,0.1549271604467458,,250.0,outputs/cache/eegmat_single_session_all_s1_250hz_1s.npz,outputs/eegmat_single_session_ms_tgc_spddsbn_chebk1,30,64,0.001,0.0001,42,True,True,,,,,,0.2,0.125,0.2,,,,,,,,8.0,,,,,,,,,,,,,,,,,,,,,,,,,,,,,,,,,,,,,,,,,,,,,,,,,,64.0,64.0,128.0,16.0,4.0,1.0,0.5,0.0,2.0,2.0,False,True,False,shared_channel_graph_augmented_spd_v3,4.0,64.0,31.0,adaptive,0.1,augmented,16.0,target_only,dta_gate,"31,15,7",66598.0,,,,,,
2026-07-26 08:23:10,eegmat,ms_tgc_spddsbn_chebk2,ms_tgc_spddsbn,single_session,36,0.7256944444444443,0.1495280273138816,0.7256944444444443,0.1495280273138816,0.7230790573273719,0.1515763618106433,0.7814429012345678,0.1680947916868915,0.596377379436445,0.1590250952025219,0.5833333333333333,0.1630561301739422,,250.0,outputs/cache/eegmat_single_session_all_s1_250hz_1s.npz,outputs/eegmat_single_session_ms_tgc_spddsbn_chebk2,30,64,0.001,0.0001,42,True,True,,,,,,0.2,0.125,0.2,,,,,,,,8.0,,,,,,,,,,,,,,,,,,,,,,,,,,,,,,,,,,,,,,,,,,,,,,,,,,64.0,64.0,128.0,16.0,4.0,2.0,0.5,0.0,2.0,2.0,False,True,False,shared_channel_graph_augmented_spd_v3,4.0,64.0,31.0,adaptive,0.1,augmented,16.0,target_only,dta_gate,"31,15,7",70694.0,,,,,,
2026-07-26 08:25:16,eegmat,ms_tgc_spddsbn_chebk3,ms_tgc_spddsbn,single_session,36,0.7384259259259259,0.1505977215011581,0.7384259259259259,0.1505977215011581,0.7353764735614601,0.1543455676642175,0.7883873456790123,0.1564008188441371,0.6279140954060143,0.1754564735047822,0.6273148148148148,0.1809214851095647,,250.0,outputs/cache/eegmat_single_session_all_s1_250hz_1s.npz,outputs/eegmat_single_session_ms_tgc_spddsbn_chebk3,30,64,0.001,0.0001,42,True,True,,,,,,0.2,0.125,0.2,,,,,,,,8.0,,,,,,,,,,,,,,,,,,,,,,,,,,,,,,,,,,,,,,,,,,,,,,,,,,64.0,64.0,128.0,16.0,4.0,3.0,0.5,0.0,2.0,2.0,False,True,False,shared_channel_graph_augmented_spd_v3,4.0,64.0,31.0,adaptive,0.1,augmented,16.0,target_only,dta_gate,"31,15,7",74790.0,,,,,,
2026-07-26 08:27:18,eegmat,ms_tgc_spddsbn_chebk4,ms_tgc_spddsbn,single_session,36,0.7523148148148148,0.1369105128766787,0.7523148148148148,0.1369105128766786,0.7503354318915618,0.1383742408107653,0.8084490740740742,0.1496466204124965,0.6263264439873315,0.1791760343506325,0.5810185185185186,0.152344262282637,,250.0,outputs/cache/eegmat_single_session_all_s1_250hz_1s.npz,outputs/eegmat_single_session_ms_tgc_spddsbn_chebk4,30,64,0.001,0.0001,42,True,True,,,,,,0.2,0.125,0.2,,,,,,,,8.0,,,,,,,,,,,,,,,,,,,,,,,,,,,,,,,,,,,,,,,,,,,,,,,,,,64.0,64.0,128.0,16.0,4.0,4.0,0.5,0.0,2.0,2.0,False,True,False,shared_channel_graph_augmented_spd_v3,4.0,64.0,31.0,adaptive,0.1,augmented,16.0,target_only,dta_gate,"31,15,7",78886.0,,,,,,
2026-07-26 11:59:51,eegmat,ms_tgc_spddsbn_chebk1,ms_tgc_spddsbn,loso,36,0.6967905806390353,0.1600570836281051,0.6964283395025652,0.1601205230297062,0.69612204309236,0.1602157580150169,0.7526139413814749,0.1887997504491406,0.5738782370245293,0.0727928602624321,0.751296152229921,0.0278461915837533,,250.0,outputs/cache/eegmat_loso_all_s1_250hz_1s.npz,outputs/eegmat_loso_ms_tgc_spddsbn_chebk1,30,64,0.001,0.0001,42,True,True,,,,,,0.2,0.125,0.2,,,,,,,,8.0,,,,,,,,,,,,,,,,,,,,,,,,,,,,,,,,,,,,,,,,,,,,,,,,,,64.0,64.0,128.0,16.0,4.0,1.0,0.5,0.0,2.0,2.0,False,True,True,shared_channel_graph_augmented_spd_v3,4.0,64.0,31.0,adaptive,0.1,augmented,16.0,target_only,dta_gate,"31,15,7",66598.0,,,,,,
2026-07-26 15:43:03,eegmat,ms_tgc_spddsbn_chebk2,ms_tgc_spddsbn,loso,36,0.7026341610090364,0.1561533906745852,0.7023150853951556,0.1561800934401719,0.7016216153351913,0.1566852486030205,0.7585818613762798,0.1872290537632343,0.6261120830173039,0.0977735469254403,0.7811481216010857,0.0454544690536872,,250.0,outputs/cache/eegmat_loso_all_s1_250hz_1s.npz,outputs/eegmat_loso_ms_tgc_spddsbn_chebk2,30,64,0.001,0.0001,42,True,True,,,,,,0.2,0.125,0.2,,,,,,,,8.0,,,,,,,,,,,,,,,,,,,,,,,,,,,,,,,,,,,,,,,,,,,,,,,,,,64.0,64.0,128.0,16.0,4.0,2.0,0.5,0.0,2.0,2.0,False,True,True,shared_channel_graph_augmented_spd_v3,4.0,64.0,31.0,adaptive,0.1,augmented,16.0,target_only,dta_gate,"31,15,7",70694.0,,,,,,
2026-07-26 19:32:37,eegmat,ms_tgc_spddsbn_chebk3,ms_tgc_spddsbn,loso,36,0.6951249426324201,0.1629302461466674,0.6945607939909518,0.1630064100736792,0.6936834949543839,0.1642923314847251,0.7439360239842415,0.1935875372522006,0.6067967043431908,0.0973682444883543,0.7751861612753469,0.0399575826963055,,250.0,outputs/cache/eegmat_loso_all_s1_250hz_1s.npz,outputs/eegmat_loso_ms_tgc_spddsbn_chebk3,30,64,0.001,0.0001,42,True,True,,,,,,0.2,0.125,0.2,,,,,,,,8.0,,,,,,,,,,,,,,,,,,,,,,,,,,,,,,,,,,,,,,,,,,,,,,,,,,64.0,64.0,128.0,16.0,4.0,3.0,0.5,0.0,2.0,2.0,False,True,True,shared_channel_graph_augmented_spd_v3,4.0,64.0,31.0,adaptive,0.1,augmented,16.0,target_only,dta_gate,"31,15,7",74790.0,,,,,,
2026-07-26 23:40:56,eegmat,ms_tgc_spddsbn_chebk4,ms_tgc_spddsbn,loso,36,0.6951407681716755,0.1590017498359741,0.6945613351516333,0.1590221896659493,0.6940115299126579,0.159562191478922,0.7495562482412279,0.1896793141235751,0.5797662806830958,0.0906084134352978,0.7742769243868439,0.0297730304992155,,250.0,outputs/cache/eegmat_loso_all_s1_250hz_1s.npz,outputs/eegmat_loso_ms_tgc_spddsbn_chebk4,30,64,0.001,0.0001,42,True,True,,,,,,0.2,0.125,0.2,,,,,,,,8.0,,,,,,,,,,,,,,,,,,,,,,,,,,,,,,,,,,,,,,,,,,,,,,,,,,64.0,64.0,128.0,16.0,4.0,4.0,0.5,0.0,2.0,2.0,False,True,True,shared_channel_graph_augmented_spd_v3,4.0,64.0,31.0,adaptive,0.1,augmented,16.0,target_only,dta_gate,"31,15,7",78886.0,,,,,,
2026-07-27 09:24:06,stew,ms_tgc_spddsbn_graphd10,ms_tgc_spddsbn,single_session,48,0.8527777777777777,0.1047530775194838,0.8527777777777777,0.1047530775194838,0.8523061416656055,0.105438360403325,0.9126157407407408,0.0919346650705003,0.7069444444444445,0.1643916470747741,0.6722222222222222,0.1659321877688179,,128.0,outputs/cache/stew_single_session_all_s1_128hz_1s.npz,outputs/stew_single_session_ms_tgc_spddsbn_graphd10,30,64,0.001,0.0001,42,True,True,,,,,,0.2,0.125,0.2,,,,,,,,8.0,,,,,,,,,,,,,,,,,,,,,,,,,,,,,,,,,,,,,,,,,,,,,,,,,,64.0,64.0,128.0,16.0,4.0,3.0,0.5,0.0,2.0,2.0,False,True,False,shared_channel_graph_augmented_spd_v3,4.0,64.0,16.0,adaptive,0.1,augmented,16.0,target_only,dta_gate,"17,9,5",73217.0,0.1,0.0989010989010989,,,,
2026-07-27 09:29:32,stew,ms_tgc_spddsbn_graphd25,ms_tgc_spddsbn,single_session,48,0.8513888888888888,0.1215946708840138,0.8513888888888888,0.1215946708840138,0.8507852928505281,0.1222997849535142,0.9081944444444444,0.1065510171420516,0.6993055555555556,0.1755581346497714,0.6611111111111111,0.1570010515291062,,128.0,outputs/cache/stew_single_session_all_s1_128hz_1s.npz,outputs/stew_single_session_ms_tgc_spddsbn_graphd25,30,64,0.001,0.0001,42,True,True,,,,,,0.2,0.125,0.2,,,,,,,,8.0,,,,,,,,,,,,,,,,,,,,,,,,,,,,,,,,,,,,,,,,,,,,,,,,,,64.0,64.0,128.0,16.0,4.0,3.0,0.5,0.0,2.0,2.0,False,True,False,shared_channel_graph_augmented_spd_v3,4.0,64.0,16.0,adaptive,0.1,augmented,16.0,target_only,dta_gate,"17,9,5",73217.0,0.25,0.2527472527472527,,,,
2026-07-27 09:35:22,stew,ms_tgc_spddsbn_graphd50,ms_tgc_spddsbn,single_session,48,0.854513888888889,0.1110203899729942,0.854513888888889,0.1110203899729942,0.853917794440744,0.1116597587509019,0.9180092592592594,0.0928938087121487,0.7401785714285714,0.1828749417470972,0.7076388888888889,0.1782817362002315,,128.0,outputs/cache/stew_single_session_all_s1_128hz_1s.npz,outputs/stew_single_session_ms_tgc_spddsbn_graphd50,30,64,0.001,0.0001,42,True,True,,,,,,0.2,0.125,0.2,,,,,,,,8.0,,,,,,,,,,,,,,,,,,,,,,,,,,,,,,,,,,,,,,,,,,,,,,,,,,64.0,64.0,128.0,16.0,4.0,3.0,0.5,0.0,2.0,2.0,False,True,False,shared_channel_graph_augmented_spd_v3,4.0,64.0,16.0,adaptive,0.1,augmented,16.0,target_only,dta_gate,"17,9,5",73217.0,0.5,0.5054945054945055,,,,
2026-07-27 09:41:43,stew,ms_tgc_spddsbn_graphd75,ms_tgc_spddsbn,single_session,48,0.8527777777777777,0.1205941424884379,0.8527777777777777,0.1205941424884379,0.8520721307097054,0.1214683385454723,0.9145601851851852,0.1009802857126973,0.7920634920634919,0.1743512351396048,0.7430555555555555,0.1672978591616254,,128.0,outputs/cache/stew_single_session_all_s1_128hz_1s.npz,outputs/stew_single_session_ms_tgc_spddsbn_graphd75,30,64,0.001,0.0001,42,True,True,,,,,,0.2,0.125,0.2,,,,,,,,8.0,,,,,,,,,,,,,,,,,,,,,,,,,,,,,,,,,,,,,,,,,,,,,,,,,,64.0,64.0,128.0,16.0,4.0,3.0,0.5,0.0,2.0,2.0,False,True,False,shared_channel_graph_augmented_spd_v3,4.0,64.0,16.0,adaptive,0.1,augmented,16.0,target_only,dta_gate,"17,9,5",73217.0,0.75,0.7472527472527473,,,,
2026-07-27 09:47:54,stew,ms_tgc_spddsbn_graphd100,ms_tgc_spddsbn,single_session,48,0.8597222222222222,0.1064599800129872,0.8597222222222222,0.1064599800129872,0.8591019112732106,0.1071991041545752,0.917199074074074,0.0936502526592044,0.7970238095238095,0.1606532023961879,0.7472222222222221,0.1625496226591595,,128.0,outputs/cache/stew_single_session_all_s1_128hz_1s.npz,outputs/stew_single_session_ms_tgc_spddsbn_graphd100,30,64,0.001,0.0001,42,True,True,,,,,,0.2,0.125,0.2,,,,,,,,8.0,,,,,,,,,,,,,,,,,,,,,,,,,,,,,,,,,,,,,,,,,,,,,,,,,,64.0,64.0,128.0,16.0,4.0,3.0,0.5,0.0,2.0,2.0,False,True,False,shared_channel_graph_augmented_spd_v3,4.0,64.0,16.0,adaptive,0.1,augmented,16.0,target_only,dta_gate,"17,9,5",73217.0,1.0,1.0,,,,
2026-07-28 01:36:01,stew,ms_tgc_spddsbn_graphd10,ms_tgc_spddsbn,loso,48,0.7994444444444445,0.1050122886726197,0.7994444444444445,0.1050122886726197,0.7988130328222974,0.105488662107199,0.8640944444444445,0.1074823530759704,0.6032244744744745,0.1070128984244626,0.7905138888888888,0.0265071432750126,,128.0,outputs/cache/stew_loso_all_s1_128hz_1s.npz,outputs/stew_loso_ms_tgc_spddsbn_graphd10,30,64,0.001,0.0001,42,True,True,,,,,,0.2,0.125,0.2,,,,,,,,8.0,,,,,,,,,,,,,,,,,,,,,,,,,,,,,,,,,,,,,,,,,,,,,,,,,,64.0,64.0,128.0,16.0,4.0,3.0,0.5,0.0,2.0,2.0,False,True,True,shared_channel_graph_augmented_spd_v3,4.0,64.0,16.0,adaptive,0.1,augmented,16.0,target_only,dta_gate,"17,9,5",73217.0,0.1,0.0989010989010989,,,,
2026-07-28 17:41:01,stew,ms_tgc_spddsbn_graphd25,ms_tgc_spddsbn,loso,48,0.8146527777777778,0.0912553365344761,0.8146527777777778,0.0912553365344761,0.8141151096666234,0.0916566283059085,0.8821277777777777,0.0847227285339287,0.6048686186186186,0.1109436253332774,0.8142152777777779,0.0183760932140771,,128.0,outputs/cache/stew_loso_all_s1_128hz_1s.npz,outputs/stew_loso_ms_tgc_spddsbn_graphd25,30,64,0.001,0.0001,42,True,True,,,,,,0.2,0.125,0.2,,,,,,,,8.0,,,,,,,,,,,,,,,,,,,,,,,,,,,,,,,,,,,,,,,,,,,,,,,,,,64.0,64.0,128.0,16.0,4.0,3.0,0.5,0.0,2.0,2.0,False,True,True,shared_channel_graph_augmented_spd_v3,4.0,64.0,16.0,adaptive,0.1,augmented,16.0,target_only,dta_gate,"17,9,5",73217.0,0.25,0.2527472527472527,,,,
2026-07-29 09:56:13,stew,ms_tgc_spddsbn_graphd50,ms_tgc_spddsbn,loso,48,0.8245138888888889,0.1021714351815647,0.8245138888888889,0.1021714351815647,0.8237591831675269,0.1032051502784754,0.8833814814814817,0.1055263650401574,0.6238006756756757,0.1182375777917456,0.818375,0.0145705465725609,,128.0,outputs/cache/stew_loso_all_s1_128hz_1s.npz,outputs/stew_loso_ms_tgc_spddsbn_graphd50,30,64,0.001,0.0001,42,True,True,,,,,,0.2,0.125,0.2,,,,,,,,8.0,,,,,,,,,,,,,,,,,,,,,,,,,,,,,,,,,,,,,,,,,,,,,,,,,,64.0,64.0,128.0,16.0,4.0,3.0,0.5,0.0,2.0,2.0,False,True,True,shared_channel_graph_augmented_spd_v3,4.0,64.0,16.0,adaptive,0.1,augmented,16.0,target_only,dta_gate,"17,9,5",73217.0,0.5,0.5054945054945055,,,,
2026-07-29 23:55:32,stew,ms_tgc_spddsbn_graphd75,ms_tgc_spddsbn,loso,48,0.8260416666666667,0.0948649811954358,0.8260416666666667,0.0948649811954358,0.8253808812025678,0.095865381977764,0.890650925925926,0.0901082681770709,0.6670833333333333,0.136053061102775,0.821576388888889,0.014964376861804,,128.0,outputs/cache/stew_loso_all_s1_128hz_1s.npz,outputs/stew_loso_ms_tgc_spddsbn_graphd75,30,64,0.001,0.0001,42,True,True,,,,,,0.2,0.125,0.2,,,,,,,,8.0,,,,,,,,,,,,,,,,,,,,,,,,,,,,,,,,,,,,,,,,,,,,,,,,,,64.0,64.0,128.0,16.0,4.0,3.0,0.5,0.0,2.0,2.0,False,True,True,shared_channel_graph_augmented_spd_v3,4.0,64.0,16.0,adaptive,0.1,augmented,16.0,target_only,dta_gate,"17,9,5",73217.0,0.75,0.7472527472527473,,,,
2026-07-30 12:19:31,stew,ms_tgc_spddsbn_graphd100,ms_tgc_spddsbn,loso,48,0.8233333333333334,0.0934143518671075,0.8233333333333334,0.0934143518671075,0.8228824350763589,0.0937685776943205,0.8860842592592593,0.0887225508618486,0.6435960960960961,0.1113387608446287,0.8201666666666666,0.0124228113217078,,128.0,outputs/cache/stew_loso_all_s1_128hz_1s.npz,outputs/stew_loso_ms_tgc_spddsbn_graphd100,30,64,0.001,0.0001,42,True,True,,,,,,0.2,0.125,0.2,,,,,,,,8.0,,,,,,,,,,,,,,,,,,,,,,,,,,,,,,,,,,,,,,,,,,,,,,,,,,64.0,64.0,128.0,16.0,4.0,3.0,0.5,0.0,2.0,2.0,False,True,True,shared_channel_graph_augmented_spd_v3,4.0,64.0,16.0,adaptive,0.1,augmented,16.0,target_only,dta_gate,"17,9,5",73217.0,1.0,1.0,,,,
2026-07-30 12:21:36,eegmat,ms_tgc_spddsbn_graphd10,ms_tgc_spddsbn,single_session,36,0.736111111111111,0.145023260312772,0.736111111111111,0.145023260312772,0.7340491508573259,0.1471843349080505,0.7872299382716049,0.1691624701190728,0.6248367453554055,0.186396177451104,0.6064814814814814,0.1538024798950572,,250.0,outputs/cache/eegmat_single_session_all_s1_250hz_1s.npz,outputs/eegmat_single_session_ms_tgc_spddsbn_graphd10,30,64,0.001,0.0001,42,True,True,,,,,,0.2,0.125,0.2,,,,,,,,8.0,,,,,,,,,,,,,,,,,,,,,,,,,,,,,,,,,,,,,,,,,,,,,,,,,,64.0,64.0,128.0,16.0,4.0,3.0,0.5,0.0,2.0,2.0,False,True,False,shared_channel_graph_augmented_spd_v3,4.0,64.0,31.0,adaptive,0.1,augmented,16.0,target_only,dta_gate,"31,15,7",74790.0,0.1,0.0994152046783625,,,,
2026-07-30 12:23:33,eegmat,ms_tgc_spddsbn_graphd25,ms_tgc_spddsbn,single_session,36,0.7476851851851852,0.1429370367422773,0.7476851851851853,0.1429370367422773,0.743592338742379,0.1491921391974002,0.7966820987654323,0.1554120929216843,0.62957113004865,0.1830694632304843,0.5995370370370371,0.1640502299728489,,250.0,outputs/cache/eegmat_single_session_all_s1_250hz_1s.npz,outputs/eegmat_single_session_ms_tgc_spddsbn_graphd25,30,64,0.001,0.0001,42,True,True,,,,,,0.2,0.125,0.2,,,,,,,,8.0,,,,,,,,,,,,,,,,,,,,,,,,,,,,,,,,,,,,,,,,,,,,,,,,,,64.0,64.0,128.0,16.0,4.0,3.0,0.5,0.0,2.0,2.0,False,True,False,shared_channel_graph_augmented_spd_v3,4.0,64.0,31.0,adaptive,0.1,augmented,16.0,target_only,dta_gate,"31,15,7",74790.0,0.25,0.2514619883040935,,,,
2026-07-30 12:25:42,eegmat,ms_tgc_spddsbn_graphd50,ms_tgc_spddsbn,single_session,36,0.7372685185185185,0.1545665484548146,0.7372685185185185,0.1545665484548146,0.7336569804680267,0.1594511429744549,0.7922453703703705,0.1634475409885472,0.6678625069383224,0.1937918958241689,0.6342592592592592,0.1751164893219696,,250.0,outputs/cache/eegmat_single_session_all_s1_250hz_1s.npz,outputs/eegmat_single_session_ms_tgc_spddsbn_graphd50,30,64,0.001,0.0001,42,True,True,,,,,,0.2,0.125,0.2,,,,,,,,8.0,,,,,,,,,,,,,,,,,,,,,,,,,,,,,,,,,,,,,,,,,,,,,,,,,,64.0,64.0,128.0,16.0,4.0,3.0,0.5,0.0,2.0,2.0,False,True,False,shared_channel_graph_augmented_spd_v3,4.0,64.0,31.0,adaptive,0.1,augmented,16.0,target_only,dta_gate,"31,15,7",74790.0,0.5,0.5029239766081871,,,,
2026-07-30 12:28:01,eegmat,ms_tgc_spddsbn_graphd75,ms_tgc_spddsbn,single_session,36,0.7488425925925926,0.1455306761119261,0.7488425925925926,0.1455306761119261,0.746059188609843,0.1496118728293103,0.7993827160493827,0.1539616627982467,0.6917670682730923,0.1904514713524799,0.6435185185185185,0.1637980646908646,,250.0,outputs/cache/eegmat_single_session_all_s1_250hz_1s.npz,outputs/eegmat_single_session_ms_tgc_spddsbn_graphd75,30,64,0.001,0.0001,42,True,True,,,,,,0.2,0.125,0.2,,,,,,,,8.0,,,,,,,,,,,,,,,,,,,,,,,,,,,,,,,,,,,,,,,,,,,,,,,,,,64.0,64.0,128.0,16.0,4.0,3.0,0.5,0.0,2.0,2.0,False,True,False,shared_channel_graph_augmented_spd_v3,4.0,64.0,31.0,adaptive,0.1,augmented,16.0,target_only,dta_gate,"31,15,7",74790.0,0.75,0.7485380116959064,,,,
2026-07-30 12:30:24,eegmat,ms_tgc_spddsbn_graphd100,ms_tgc_spddsbn,single_session,36,0.7511574074074074,0.1498961648251111,0.7511574074074074,0.1498961648251111,0.7486821516468534,0.1536952301544171,0.8049768518518519,0.1478682199520279,0.6880489437424495,0.1890487828713468,0.6342592592592592,0.1621749224367693,,250.0,outputs/cache/eegmat_single_session_all_s1_250hz_1s.npz,outputs/eegmat_single_session_ms_tgc_spddsbn_graphd100,30,64,0.001,0.0001,42,True,True,,,,,,0.2,0.125,0.2,,,,,,,,8.0,,,,,,,,,,,,,,,,,,,,,,,,,,,,,,,,,,,,,,,,,,,,,,,,,,64.0,64.0,128.0,16.0,4.0,3.0,0.5,0.0,2.0,2.0,False,True,False,shared_channel_graph_augmented_spd_v3,4.0,64.0,31.0,adaptive,0.1,augmented,16.0,target_only,dta_gate,"31,15,7",74790.0,1.0,1.0,,,,
2026-07-30 16:24:20,eegmat,ms_tgc_spddsbn_graphd10,ms_tgc_spddsbn,loso,36,0.7122936745319597,0.1721573163569786,0.7119294813516029,0.1721289648017403,0.7113643512416045,0.1726649654636382,0.7639938740610863,0.2080097549999558,0.6108363970367923,0.0915956453487641,0.7639155978236588,0.0341618669152071,,250.0,outputs/cache/eegmat_loso_all_s1_250hz_1s.npz,outputs/eegmat_loso_ms_tgc_spddsbn_graphd10,30,64,0.001,0.0001,42,True,True,,,,,,0.2,0.125,0.2,,,,,,,,8.0,,,,,,,,,,,,,,,,,,,,,,,,,,,,,,,,,,,,,,,,,,,,,,,,,,64.0,64.0,128.0,16.0,4.0,3.0,0.5,0.0,2.0,2.0,False,True,True,shared_channel_graph_augmented_spd_v3,4.0,64.0,31.0,adaptive,0.1,augmented,16.0,target_only,dta_gate,"31,15,7",74790.0,0.1,0.0994152046783625,,,,
2026-07-30 20:31:55,eegmat,ms_tgc_spddsbn_graphd25,ms_tgc_spddsbn,loso,36,0.6871370016933328,0.1545693600665117,0.6867862090611945,0.1546117902027748,0.6859892922246269,0.1552375926724553,0.7424131978266986,0.1939761531414556,0.5850220038383844,0.0904977118755763,0.7800450425950856,0.0355879796791482,,250.0,outputs/cache/eegmat_loso_all_s1_250hz_1s.npz,outputs/eegmat_loso_ms_tgc_spddsbn_graphd25,30,64,0.001,0.0001,42,True,True,,,,,,0.2,0.125,0.2,,,,,,,,8.0,,,,,,,,,,,,,,,,,,,,,,,,,,,,,,,,,,,,,,,,,,,,,,,,,,64.0,64.0,128.0,16.0,4.0,3.0,0.5,0.0,2.0,2.0,False,True,True,shared_channel_graph_augmented_spd_v3,4.0,64.0,31.0,adaptive,0.1,augmented,16.0,target_only,dta_gate,"31,15,7",74790.0,0.25,0.2514619883040935,,,,
2026-07-31 00:25:12,eegmat,ms_tgc_spddsbn_graphd50,ms_tgc_spddsbn,loso,36,0.7176545759546756,0.1622768106639598,0.7173239063142628,0.1623226076147074,0.7164839683428499,0.1635735824113641,0.7702284509816655,0.1916027222950919,0.5926587498919822,0.1075833295559789,0.7815240700920146,0.0470977494635454,,250.0,outputs/cache/eegmat_loso_all_s1_250hz_1s.npz,outputs/eegmat_loso_ms_tgc_spddsbn_graphd50,30,64,0.001,0.0001,42,True,True,,,,,,0.2,0.125,0.2,,,,,,,,8.0,,,,,,,,,,,,,,,,,,,,,,,,,,,,,,,,,,,,,,,,,,,,,,,,,,64.0,64.0,128.0,16.0,4.0,3.0,0.5,0.0,2.0,2.0,False,True,True,shared_channel_graph_augmented_spd_v3,4.0,64.0,31.0,adaptive,0.1,augmented,16.0,target_only,dta_gate,"31,15,7",74790.0,0.5,0.5029239766081871,,,,
2026-07-31 04:08:18,eegmat,ms_tgc_spddsbn_graphd75,ms_tgc_spddsbn,loso,36,0.6892417984142809,0.1767987102037768,0.6889091824144425,0.1768823498285995,0.6880870504419702,0.1773205102965145,0.7417510877329696,0.208376678426641,0.6128341700725535,0.0994727319803527,0.7945063525177946,0.0472078676705969,,250.0,outputs/cache/eegmat_loso_all_s1_250hz_1s.npz,outputs/eegmat_loso_ms_tgc_spddsbn_graphd75,30,64,0.001,0.0001,42,True,True,,,,,,0.2,0.125,0.2,,,,,,,,8.0,,,,,,,,,,,,,,,,,,,,,,,,,,,,,,,,,,,,,,,,,,,,,,,,,,64.0,64.0,128.0,16.0,4.0,3.0,0.5,0.0,2.0,2.0,False,True,True,shared_channel_graph_augmented_spd_v3,4.0,64.0,31.0,adaptive,0.1,augmented,16.0,target_only,dta_gate,"31,15,7",74790.0,0.75,0.7485380116959064,,,,
2026-07-31 07:52:58,eegmat,ms_tgc_spddsbn_graphd100,ms_tgc_spddsbn,loso,36,0.697200066467265,0.1752628595116534,0.6968747970647444,0.1753379061468421,0.6963714374942492,0.1755509455062261,0.7491280548520467,0.2060851253685135,0.577038628340025,0.0899716321793954,0.7921580301302683,0.0499185028326296,,250.0,outputs/cache/eegmat_loso_all_s1_250hz_1s.npz,outputs/eegmat_loso_ms_tgc_spddsbn_graphd100,30,64,0.001,0.0001,42,True,True,,,,,,0.2,0.125,0.2,,,,,,,,8.0,,,,,,,,,,,,,,,,,,,,,,,,,,,,,,,,,,,,,,,,,,,,,,,,,,64.0,64.0,128.0,16.0,4.0,3.0,0.5,0.0,2.0,2.0,False,True,True,shared_channel_graph_augmented_spd_v3,4.0,64.0,31.0,adaptive,0.1,augmented,16.0,target_only,dta_gate,"31,15,7",74790.0,1.0,1.0,,,,
2026-09-03 10:06:03,stew,mstgc_cov_spddsbn,mstgc_cov_spddsbn,loso,48,0.8214583333333335,0.10203115977490318,0.8214583333333335,0.1020311597749032,0.8209461170974169,0.10254823616229204,0.8840777777777777,0.09765065947029197,0.6257845345345346,0.07152598598480786,0.8189236111111112,0.015957425564735006,,128.0,outputs/cache/stew_loso_all_s1_128hz_1s.npz,outputs/stew_loso_mstgc_cov_spddsbn,30,64,0.001,0.0001,42,True,True,,,,,,0.2,0.125,0.2,,,,,,,,8.0,,,,,,,,,,,,,,,,,,,,,,,,,,,,,,,,,,,,,,,,,,,,,,,,,,64.0,64.0,128.0,16.0,4.0,3.0,0.5,0.0,2.0,2.0,False,True,True,shared_channel_graph_augmented_spd_v3,4.0,64.0,16.0,adaptive,0.1,covariance,16.0,target_only,dta_gate,"17,9,5",73197.0,,0.36011904761904767,,,,
